price,location,bedroom_count,bathroom_count
1750,0,1, 1,0
2500,0,2, 2,0
2700,0,3, 2,1
1795,0,1, 1,0
2000,0,2, 1,0
1400,0,1, 1,0
1800,0,2, 1,0
1800,0,2, 1,0
1700,0,1, 1,0
2600,0,2, 1,0
1900,0,1, 1,0
1975,0,1, 1,0
1872,0,2, 1,0
1900,0,1, 1,0
2280,0,3, 2,0
1600,0,2, 1,0
1750,0,1, 1,0
2300,0,2, 1,0
1330,0,1, 1,0
1950,0,1, 1,0
1750,0,1, 1,0
2500,0,2, 2,0
2700,0,3, 2,1
1795,0,1, 1,0
2000,0,2, 1,0
1400,0,1, 1,0
1800,0,2, 1,0
1800,0,2, 1,0
1700,0,1, 1,0
2600,0,2, 1,0
1900,0,1, 1,0
1975,0,1, 1,0
1872,0,2, 1,0
1900,0,1, 1,0
2280,0,3, 2,0
1600,0,2, 1,0
1750,0,1, 1,0
2300,0,2, 1,0
1330,0,1, 1,0
1950,0,1, 1,0
2000,0,2, 1,0
1685,0,1, 1,0
4400,0,3, 3,0
1400,0,1, 1,0
1550,0,1, 1,0
2250,0,2, 2,0
1800,0,1, 1,0
1775,0,2, 1,0
1600,0,2, 1,0
1612,0,1, 1,0
1200,0,1, 1,0
1500,0,1, 1,0
2400,0,2, 2,0
3000,0,1, 1,1
1950,0,1, 1,0
4000,0,3, 2,0
1554,0,1, 1,0
2575,0,2, 1,0
1850,0,2, 1,0
2140,0,2, 1,0
1650,0,1, 1,0
2000,0,1, 1,0
2250,0,2, 1,0
2300,0,2, 2,0
1700,0,2, 1,1
1400,0,1, 1,0
2990,0,3, 2,0
1550,0,1, 1,0
3400,0,3, 2,0
1350,0,1, 1,1
1600,0,1, 1,0
3250,0,2, 2,0
3400,0,1, 1,0
2107,0,2, 2,0
1900,0,2, 1,0
1850,0,2, 1,0
2500,0,1, 1,0
1850,0,1, 1,0
3580,0,3, 2,0
2400,0,2, 2,0
4645,0,3, 2,0
3500,0,1, 1,0
3400,0,1, 1,0
3580,0,2, 1,0
4250,0,2, 2,0
2042,0,2, 1,0
1040,0,1, 1,0
1000,0,1, 1,0
920,0,1, 1,0
1040,0,1, 1,0
980,0,1, 1,0
2300,0,1, 1,0
3245,0,2, 2,0
3575,0,2, 2,0
5030,0,3, 3,1
2545,0,1, 1,1
3245,0,2, 2,1
3600,0,2, 2,0
2800,0,1, 2,0
3360,0,1, 2,0
3360,0,1, 2,0
3360,0,1, 2,0
3360,0,2, 1,0
3360,0,1, 2,0
1828,1,2, 1,0
1999,1,2, 2,0
1961,1,1, 1,0
2400,1,2, 2,0
1701,1,1, 1,0
1550,1,1, 1,0
1975,1,2, 1,0
2300,1,1, 1,1
2452,1,2, 2,0
2040,1,1, 1,0
1460,1,1, 1,0
2500,1,2, 2,1
2500,1,2, 1,0
2700,1,2, 2,0
2300,1,2, 1,0
2000,1,2, 1,0
2407,1,2, 1,0
2011,1,2, 1,0
1828,1,2, 1,0
1999,1,2, 2,0
1961,1,1, 1,0
2400,1,2, 2,0
1701,1,1, 1,0
1550,1,1, 1,0
1975,1,2, 1,0
2300,1,1, 1,1
2452,1,2, 2,0
2040,1,1, 1,0
1460,1,1, 1,0
2500,1,2, 2,1
2500,1,2, 1,0
2700,1,2, 2,0
2300,1,2, 1,0
2000,1,2, 1,0
2407,1,2, 1,0
2011,1,2, 1,0
1800,1,1, 1,0
1750,1,1, 1,0
2400,1,2, 2,0
2800,1,2, 1,0
1850,1,1, 1,0
2200,1,1, 1,0
3800,1,2, 2,0
3600,1,2, 2,0
2150,1,2, 1,0
1730,1,2, 1,0
1982,1,2, 1,0
2250,1,2, 1,0
2350,1,2, 1,0
15000,1,2, 3,0
3400,1,2, 2,0
1536,1,1, 1,0
3600,1,2, 2,0
2800,1,1, 1,0
2795,1,2, 2,0
2450,1,1, 1,0
2900,1,2, 2,0
3900,1,3, 2,0
2800,1,1, 1,0
4500,1,1, 1,0
2700,1,2, 2,0
2300,1,1, 1,0
1800,1,1, 1,0
1650,1,1, 1,0
4200,1,3, 2,0
2800,1,2, 1,0
8000,1,3, 3,0
3000,1,1, 1,0
3600,1,2, 2,0
4100,1,1, 1,0
3200,1,1, 1,0
3600,1,2, 2,0
3600,1,2, 2,0
3400,1,2, 2,0
3000,1,1, 1,0
4900,1,2, 2,0
2450,1,1, 1,0
2450,1,1, 1,0
4200,1,2, 2,0
4500,1,2, 1,0
4500,1,2, 2,0
3580,1,1, 1,0
2700,1,1, 1,0
3980,1,2, 2,0
3980,1,3, 2,0
3360,1,2, 2,0
4500,1,2, 2,0
4500,1,2, 2,0
4200,1,2, 2,0
2387,1,1, 1,0
6500,1,1, 2,0
6000,1,3, 3,0
2600,1,1, 1,0
3600,1,2, 1,0
3650,1,2, 2,0
3750,1,2, 2,0
4230,1,3, 2,0
15000,1,2, 3,0
4200,1,2, 2,0
4300,1,2, 2,0
3300,1,2, 2,0
3150,1,2, 2,1
6000,1,3, 3,0
3572,1,2, 2,0
4000,1,2, 2,0
4200,1,3, 2,0
2300,1,1, 1,0
2800,1,1, 1,0
2800,1,1, 1,0
3360,1,1, 1,0
1500,2,1, 1,0
1500,2,1, 1,0
1500,2,1, 1,0
1500,2,1, 1,0
950,2,1, 1,0
1530,2,1, 1,1
2100,2,2, 2,0
1950,2,2, 2,0
1500,2,1, 1,0
1500,2,1, 1,0
1500,2,1, 1,0
1500,2,1, 1,0
950,2,1, 1,0
1530,2,1, 1,1
2100,2,2, 2,0
1950,2,2, 2,0
1890,3,1, 1,0
2200,3,2, 1,0
1750,3,1, 1,0
2300,3,2, 1,0
2500,3,2, 2,0
2500,3,2, 2,0
3250,3,3, 1,0
2000,3,2, 1,0
1569,3,1, 1,0
2100,3,2, 1,0
2549,3,2, 2,0
2450,3,2, 1,0
2400,3,2, 1,0
3300,3,3, 2,0
1700,3,2, 1,0
1695,3,1, 1,0
2819,3,3, 2,0
2300,3,2, 1,0
2400,3,2, 2,0
1890,3,1, 1,0
2200,3,2, 1,0
1750,3,1, 1,0
2300,3,2, 1,0
2500,3,2, 2,0
2500,3,2, 2,0
3250,3,3, 1,0
2000,3,2, 1,0
1569,3,1, 1,0
2100,3,2, 1,0
2549,3,2, 2,0
2450,3,2, 1,0
2400,3,2, 1,0
3300,3,3, 2,0
1700,3,2, 1,0
1695,3,1, 1,0
2819,3,3, 2,0
2300,3,2, 1,0
2400,3,2, 2,0
3300,3,3, 2,0
2200,3,1, 1,0
3640,3,3, 3,0
4500,3,4, 2,0
1766,3,1, 1,0
3000,3,2, 3,0
3000,3,2, 2,0
1850,3,2, 1,0
1900,3,1, 1,0
1800,3,1, 1,0
2000,3,1, 1,0
2500,3,2, 2,0
1750,3,1, 1,0
1960,3,2, 2,0
1850,3,1, 1,0
1880,3,1, 1,0
2065,3,2, 1,0
4500,3,3, 2,0
2000,3,2, 1,0
1443,3,1, 1,0
1600,3,1, 1,0
2700,3,2, 2,0
5050,3,4, 2,1
3000,3,2, 3,0
2900,3,2, 2,0
1600,3,1, 1,0
2500,3,2, 2,0
1400,3,1, 1,0
1900,3,1, 1,0
3450,3,3, 2,0
5000,3,2, 2,0
3771,3,4, 3,0
4000,3,3, 2,0
2400,3,2, 1,0
1700,3,1, 1,1
7000,3,3, 2,1
7000,3,4, 2,1
4160,3,3, 2,1
3000,3,2, 2,0
6000,3,4, 3,1
2450,3,2, 1,1
3250,3,3, 2,1
2500,3,2, 1,0
2800,3,2, 2,1
2000,3,1, 1,0
2691,3,2, 2,0
3500,3,2, 2,0
2450,3,2, 2,0
2300,3,1, 1,0
4700,3,3, 3,1
4000,3,3, 3,1
1144,3,1, 1,0
2040,3,2, 1,0
2100,3,1, 1,1
2000,3,2, 1,0
2100,3,2, 1,0
4000,3,2, 3,0
3200,3,2, 2,0
2150,3,2, 1,0
11000,3,6, 4,1
2500,3,2, 2,0
2389,3,2, 1,0
2300,3,1, 1,0
3000,3,2, 2,0
2300,3,2, 2,0
2500,3,2, 2,0
10000,3,3, 4,0
2000,3,2, 1,0
6000,3,5, 3,0
4706,3,4, 3,1
4700,3,2, 2,0
2300,3,2, 2,1
2350,3,2, 1,0
2400,3,2, 2,0
4995,3,3, 3,0
6500,3,2, 2,0
7500,3,4, 4,1
5000,3,4, 3,1
3750,3,3, 3,0
2500,3,2, 1,0
15000,3,5, 5,1
2000,3,2, 1,0
1800,3,1, 1,0
1950,3,1, 1,0
1900,3,1, 1,0
2150,3,2, 1,1
4900,3,4, 5,0
5000,3,1, 2,1
2400,3,2, 2,0
3400,3,3, 3,1
8500,3,3, 3,0
3500,3,3, 2,1
3400,3,1, 1,0
9500,3,5, 4,1
3600,3,1, 2,0
3750,3,2, 1,0
4050,3,2, 2,0
3900,3,1, 1,0
3900,3,1, 1,0
3900,3,2, 2,0
3495,3,4, 1,1
3500,3,3, 2,0
2995,3,2, 2,0
7000,3,2, 3,0
4150,3,2, 2,0
3900,3,1, 1,0
3900,3,1, 1,0
2750,3,2, 3,1
10000,3,5, 3,1
4000,3,2, 3,0
5000,3,2, 3,0
5500,3,3, 4,0
6000,3,3, 4,0
15000,3,4, 5,0
6000,3,2, 3,1
3360,3,1, 1,0
2940,3,2, 2,0
2940,3,2, 2,0
4620,3,3, 2,0
3304,3,1, 1,0
3528,3,2, 2,0
1721,4,2, 1,0
3495,4,4, 2,0
3400,4,3, 2,0
3000,4,4, 4,0
3000,4,4, 3,1
2800,4,3, 2,0
3500,4,4, 4,0
2025,4,2, 2,0
1650,4,1, 1,0
2000,4,3, 1,1
3250,4,3, 2,0
1721,4,2, 1,0
3495,4,4, 2,0
3400,4,3, 2,0
3000,4,4, 4,0
3000,4,4, 3,1
2800,4,3, 2,0
3500,4,4, 4,0
2025,4,2, 2,0
1650,4,1, 1,0
2000,4,3, 1,1
3250,4,3, 2,0
2200,5,2, 1,0
1800,5,1, 1,0
1674,5,1, 1,0
1300,5,1, 1,0
1300,5,1, 1,0
4250,5,4, 1,0
1280,5,2, 1,0
1800,5,2, 2,0
1925,5,2, 1,0
2200,5,2, 2,0
1850,5,1, 1,0
1800,5,1, 1,0
2200,5,2, 1,0
2999,5,2, 2,0
3822,5,4, 4,1
4000,5,4, 3,1
2200,5,2, 1,0
1800,5,1, 1,0
1674,5,1, 1,0
1300,5,1, 1,0
1300,5,1, 1,0
4250,5,4, 1,0
1280,5,2, 1,0
1800,5,2, 2,0
1925,5,2, 1,0
2200,5,2, 2,0
1850,5,1, 1,0
1800,5,1, 1,0
2200,5,2, 1,0
2999,5,2, 2,0
3822,5,4, 4,1
4000,5,4, 3,1
1401,5,1, 1,0
1883,5,2, 1,0
2400,5,2, 1,0
1627,5,2, 2,0
1961,5,2, 1,1
1770,5,1, 1,0
1200,5,1, 1,0
1768,5,1, 1,0
1800,5,1, 1,0
1600,5,1, 1,0
3083,5,3, 2,1
2052,5,3, 2,0
1820,5,1, 1,0
1711,5,1, 1,0
1800,5,1, 1,0
2195,5,2, 1,0
1450,5,1, 1,0
1580,5,1, 1,0
1752,5,1, 1,0
2999,5,2, 2,0
2347,5,3, 1,0
3500,5,2, 1,0
3500,5,2, 2,0
1850,5,1, 1,1
1695,5,1, 1,1
2150,5,2, 1,0
2700,5,3, 1,0
1800,5,1, 1,0
1500,5,1, 1,0
1500,5,1, 1,0
2250,5,2, 1,0
5000,5,5, 3,1
1650,5,1, 1,0
1956,5,2, 1,0
1735,5,2, 1,0
1670,5,1, 1,0
1700,5,1, 1,0
3950,5,4, 3,1
2080,5,3, 1,0
6000,5,3, 4,0
2250,5,3, 2,0
4500,5,4, 4,0
2300,5,2, 1,0
2650,5,2, 2,1
1800,5,1, 1,0
9950,5,4, 3,1
4800,5,3, 4,0
1650,5,1, 1,0
2300,5,2, 1,0
1600,5,1, 1,0
6200,5,5, 4,1
2250,5,2, 1,0
9950,5,4, 3,1
1750,5,1, 1,0
7250,5,3, 2,1
2200,5,2, 2,0
4500,5,3, 3,1
1280,5,1, 1,0
7000,5,4, 3,1
6200,5,4, 3,0
2000,5,1, 1,0
2500,5,2, 2,0
3200,5,3, 2,0
9500,5,1, 7,0
3600,5,2, 4,0
1600,5,1, 1,0
2200,5,2, 1,1
1495,5,1, 1,0
2500,5,2, 2,0
2700,5,2, 2,0
2150,5,1, 1,0
1650,6,1, 1,1
1650,6,1, 1,1
1697,6,2, 1,0
1567,6,1, 1,0
1200,6,1, 1,0
1100,6,1, 1,0
1878,6,2, 1,0
1700,6,1, 1,0
1425,6,1, 1,0
1875,6,2, 1,0
1950,6,2, 1,0
1425,6,1, 1,0
1240,6,1, 1,0
950,6,1, 1,0
1599,6,2, 1,0
1800,6,2, 2,0
1997,6,2, 1,0
1650,6,1, 1,1
1650,6,1, 1,1
1697,6,2, 1,0
1567,6,1, 1,0
1200,6,1, 1,0
1100,6,1, 1,0
1878,6,2, 1,0
1700,6,1, 1,0
1425,6,1, 1,0
1875,6,2, 1,0
1950,6,2, 1,0
1425,6,1, 1,0
1240,6,1, 1,0
950,6,1, 1,0
1599,6,2, 1,0
1800,6,2, 2,0
1997,6,2, 1,0
2900,6,3, 1,1
1350,6,1, 1,0
1950,6,2, 1,0
1661,6,1, 1,0
1800,6,2, 1,0
2174,6,2, 2,0
1225,6,1, 1,0
1225,6,1, 1,0
1714,6,2, 1,0
3400,6,4, 2,0
1450,6,1, 1,0
3600,6,4, 4,0
2000,6,2, 1,1
2195,6,2, 1,0
1367,6,1, 1,0
1900,6,2, 1,0
2000,6,2, 2,0
996,6,1, 1,0
1080,6,2, 2,0
944,6,3, 1,0
928,6,3, 1,0
936,6,3, 1,0
880,6,1, 1,0
916,6,3, 1,0
1545,7,1, 1,0
1750,7,2, 1,0
1715,7,2, 1,0
1490,7,1, 1,0
1950,7,2, 1,0
1737,7,2, 1,0
1510,7,1, 1,0
1357,7,1, 1,0
1900,7,2, 1,0
2000,7,2, 2,0
1747,7,2, 1,0
1950,7,2, 1,0
1700,7,2, 1,0
1650,7,1, 1,0
2100,7,2, 1,0
1145,7,1, 1,0
1990,7,2, 2,0
1545,7,1, 1,0
1750,7,2, 1,0
1715,7,2, 1,0
1490,7,1, 1,0
1950,7,2, 1,0
1737,7,2, 1,0
1510,7,1, 1,0
1357,7,1, 1,0
1900,7,2, 1,0
2000,7,2, 2,0
1747,7,2, 1,0
1950,7,2, 1,0
1700,7,2, 1,0
1650,7,1, 1,0
2100,7,2, 1,0
1145,7,1, 1,0
1990,7,2, 2,0
1700,7,1, 2,0
1165,7,1, 1,0
1500,7,1, 1,0
3700,7,2, 1,0
2700,7,2, 1,0
2100,7,2, 1,0
1200,7,1, 1,0
1600,7,1, 1,0
1500,7,1, 1,0
2027,7,2, 2,0
1600,7,1, 1,1
1215,7,2, 1,0
1725,7,2, 1,0
3250,7,3, 3,0
1667,7,1, 1,0
2550,7,3, 1,0
2400,7,2, 2,0
2600,7,2, 1,0
2100,7,2, 1,0
2500,7,2, 3,0
2000,7,1, 2,0
1900,7,2, 1,0
1750,7,1, 1,0
1550,7,1, 1,0
2200,7,2, 2,0
1545,7,1, 1,0
2300,7,2, 1,0
1900,7,2, 1,0
1950,7,2, 2,0
2250,7,2, 2,0
2250,7,2, 2,0
1900,7,2, 1,0
1950,7,2, 1,0
1550,7,1, 1,0
3750,7,4, 2,1
4100,7,3, 2,0
2600,7,3, 3,0
1500,7,1, 1,0
3640,7,2, 1,0
2050,7,1, 1,0
1040,7,6, 6,0
928,7,6, 6,0
1120,7,6, 6,0
912,7,6, 6,0
1080,7,6, 6,0
1008,7,6, 6,0
1016,7,6, 6,0
896,7,6, 6,0
912,7,6, 6,0
1000,7,6, 6,0
1020,7,6, 6,0
1032,7,6, 6,0
1060,7,6, 6,0
1080,7,6, 6,0
1100,7,6, 6,0
1120,7,6, 6,0
1088,7,6, 6,0
1088,7,6, 6,0
1000,7,1, 1,0
1040,7,1, 1,0
1080,7,1, 1,0
1000,7,1, 1,0
1040,7,1, 1,0
1080,7,1, 1,0
1120,7,1, 1,0
1080,7,6, 6,0
1080,7,6, 6,0
1008,7,8, 8,0
1032,7,7, 7,0
1128,7,4, 4,0
860,7,4, 4,0
1750,7,1, 1,0
2100,7,1, 1,0
2300,7,1, 1,0
2000,8,3, 2,0
2350,8,3, 2,0
2500,8,3, 3,0
1750,8,1, 1,0
1500,8,1, 1,0
2000,8,2, 1,0
1890,8,2, 2,0
2000,8,2, 2,0
1950,8,2, 2,0
2500,8,3, 1,0
1940,8,2, 2,0
2500,8,2, 1,0
1900,8,1, 1,0
2250,8,2, 2,1
3045,8,3, 3,0
1750,8,1, 1,0
2000,8,2, 2,0
2500,8,3, 2,0
2225,8,2, 2,0
500,8,1, 1,0
2000,8,3, 2,0
2350,8,3, 2,0
2500,8,3, 3,0
1750,8,1, 1,0
1500,8,1, 1,0
2000,8,2, 1,0
1890,8,2, 2,0
2000,8,2, 2,0
1950,8,2, 2,0
2500,8,3, 1,0
1940,8,2, 2,0
2500,8,2, 1,0
1900,8,1, 1,0
2250,8,2, 2,1
3045,8,3, 3,0
1750,8,1, 1,0
2000,8,2, 2,0
2500,8,3, 2,0
2225,8,2, 2,0
500,8,1, 1,0
1500,9,2, 1,0
1500,9,2, 1,0
2200,10,3, 2,0
1300,10,1, 1,0
1800,10,2, 2,0
1600,10,2, 2,0
2695,10,4, 2,1
1813,10,2, 2,0
1900,10,3, 3,0
1579,10,2, 1,0
1700,10,2, 2,0
2000,10,2, 2,0
1667,10,2, 1,0
2000,10,3, 1,1
1450,10,1, 1,1
1875,10,2, 2,0
1870,10,2, 1,1
1640,10,1, 1,1
2024,10,3, 3,0
1800,10,2, 2,0
1775,10,3, 2,0
1675,10,1, 1,0
2200,10,3, 2,0
1300,10,1, 1,0
1800,10,2, 2,0
1600,10,2, 2,0
2695,10,4, 2,1
1813,10,2, 2,0
1900,10,3, 3,0
1579,10,2, 1,0
1700,10,2, 2,0
2000,10,2, 2,0
1667,10,2, 1,0
2000,10,3, 1,1
1450,10,1, 1,1
1875,10,2, 2,0
1870,10,2, 1,1
1640,10,1, 1,1
2024,10,3, 3,0
1800,10,2, 2,0
1775,10,3, 2,0
1675,10,1, 1,0
1950,10,2, 2,0
1950,10,2, 2,0
1800,10,2, 1,0
1850,10,2, 2,0
1450,10,1, 1,0
1400,10,1, 1,0
2024,10,2, 2,0
2400,11,3, 3,0
2400,11,3, 3,0
1768,12,1, 1,0
3000,12,3, 3,0
2200,12,2, 1,0
1900,12,2, 2,0
2900,12,3, 2,0
1669,12,2, 2,0
1750,12,2, 2,0
1600,12,1, 1,0
2216,12,4, 3,1
3500,12,4, 2,0
2201,12,3, 3,0
2350,12,2, 2,0
1565,12,2, 1,0
2250,12,2, 2,0
4500,12,5, 4,1
9800,12,3, 2,0
5800,12,4, 5,1
2950,12,3, 2,0
2400,12,3, 3,0
2000,12,2, 1,0
1768,12,1, 1,0
3000,12,3, 3,0
2200,12,2, 1,0
1900,12,2, 2,0
2900,12,3, 2,0
1669,12,2, 2,0
1750,12,2, 2,0
1600,12,1, 1,0
2216,12,4, 3,1
3500,12,4, 2,0
2201,12,3, 3,0
2350,12,2, 2,0
1565,12,2, 1,0
2250,12,2, 2,0
4500,12,5, 4,1
9800,12,3, 2,0
5800,12,4, 5,1
2950,12,3, 2,0
2400,12,3, 3,0
2000,12,2, 1,0
1800,12,2, 1,0
1799,12,1, 1,0
2025,12,2, 2,0
1599,12,1, 1,0
1850,12,2, 2,0
1650,12,2, 1,0
2490,12,3, 2,0
2000,12,2, 2,0
1600,13,2, 2,0
2850,13,3, 2,0
2750,13,3, 1,0
3750,13,4, 3,0
1850,13,1, 1,0
2000,13,2, 2,0
2200,13,2, 2,0
1650,13,1, 1,0
1700,13,2, 2,0
1995,13,2, 1,0
1850,13,2, 1,0
2150,13,2, 2,0
1782,13,1, 1,0
1845,13,1, 1,0
3000,13,3, 2,1
2117,13,2, 1,0
1845,13,1, 1,0
2044,13,2, 2,0
1400,13,1, 1,0
1600,13,2, 2,0
2850,13,3, 2,0
2750,13,3, 1,0
3750,13,4, 3,0
1850,13,1, 1,0
2000,13,2, 2,0
2200,13,2, 2,0
1650,13,1, 1,0
1700,13,2, 2,0
1995,13,2, 1,0
1850,13,2, 1,0
2150,13,2, 2,0
1782,13,1, 1,0
1845,13,1, 1,0
3000,13,3, 2,1
2117,13,2, 1,0
1845,13,1, 1,0
2044,13,2, 2,0
1400,13,1, 1,0
1750,13,2, 1,1
2600,13,3, 2,1
2956,13,4, 2,0
2500,13,3, 2,1
2150,13,2, 2,1
3000,13,4, 3,0
2100,13,2, 1,0
3125,13,4, 3,1
1900,13,2, 2,0
2500,13,2, 1,0
3000,13,4, 2,0
1900,13,2, 2,0
3875,13,4, 3,0
2250,13,3, 1,0
2288,13,2, 2,0
2629,13,4, 2,0
2000,13,3, 1,0
4500,13,3, 3,1
2500,13,2, 2,0
1975,13,1, 1,1
2300,13,2, 2,1
2550,13,2, 2,1
3000,13,3, 2,1
2600,14,3, 4,0
2400,14,3, 1,0
2200,14,2, 2,0
1550,14,1, 1,0
2000,14,2, 2,0
1600,14,1, 1,0
1300,14,1, 1,0
1687,14,3, 1,1
2100,14,3, 3,0
1685,14,2, 1,0
1600,14,2, 1,0
2300,14,3, 3,0
1800,14,2, 2,0
2180,14,3, 3,0
1850,14,2, 2,0
1850,14,2, 2,1
2400,14,4, 3,0
2200,14,3, 2,0
1400,14,1, 1,0
2600,14,3, 4,0
2400,14,3, 1,0
2200,14,2, 2,0
1550,14,1, 1,0
2000,14,2, 2,0
1600,14,1, 1,0
1300,14,1, 1,0
1687,14,3, 1,1
2100,14,3, 3,0
1685,14,2, 1,0
1600,14,2, 1,0
2300,14,3, 3,0
1800,14,2, 2,0
2180,14,3, 3,0
1850,14,2, 2,0
1850,14,2, 2,1
2400,14,4, 3,0
2200,14,3, 2,0
1400,14,1, 1,0
1900,14,3, 3,0
2600,14,4, 1,0
2100,14,2, 1,1
1800,14,2, 2,0
1500,14,1, 1,0
1600,14,0, 1,0
1614,14,2, 2,0
1900,14,2, 1,0
2300,14,4, 2,0
1900,14,2, 3,0
3000,14,5, 3,0
2250,14,3, 3,0
3900,14,5, 3,1
1670,14,2, 1,0
1875,14,2, 1,1
1650,14,2, 2,0
2118,14,3, 2,0
1950,14,2, 2,0
2100,14,3, 3,0
1900,14,3, 3,0
1850,14,2, 2,0
2320,14,2, 2,0
1930,14,3, 3,0
2050,14,2, 2,0
2350,14,3, 3,0
2500,14,4, 3,0
1950,14,2, 2,0
2350,14,4, 1,0
1600,15,1, 1,0
1495,15,2, 1,0
2100,15,3, 1,1
1595,15,2, 1,0
2000,15,3, 1,0
2950,15,3, 3,0
1000,15,1, 1,0
2660,15,3, 2,0
1600,15,1, 1,0
1495,15,2, 1,0
2100,15,3, 1,1
1595,15,2, 1,0
2000,15,3, 1,0
2950,15,3, 3,0
1000,15,1, 1,0
2660,15,3, 2,0
2100,16,3, 1,0
2100,16,3, 1,0
1550,17,1, 1,0
2200,17,1, 1,0
2495,17,3, 2,0
2940,17,4, 2,1
4000,17,2, 2,0
2200,17,2, 1,0
1600,17,1, 1,0
2075,17,2, 2,0
2350,17,2, 3,0
2100,17,3, 2,1
1900,17,2, 2,1
1900,17,2, 1,0
2070,17,2, 2,0
2500,17,3, 2,1
1800,17,1, 1,0
1750,17,1, 1,0
2690,17,2, 3,0
1935,17,2, 3,0
2150,17,2, 2,0
1785,17,2, 1,0
1550,17,1, 1,0
2200,17,1, 1,0
2495,17,3, 2,0
2940,17,4, 2,1
4000,17,2, 2,0
2200,17,2, 1,0
1600,17,1, 1,0
2075,17,2, 2,0
2350,17,2, 3,0
2100,17,3, 2,1
1900,17,2, 2,1
1900,17,2, 1,0
2070,17,2, 2,0
2500,17,3, 2,1
1800,17,1, 1,0
1750,17,1, 1,0
2690,17,2, 3,0
1935,17,2, 3,0
2150,17,2, 2,0
1785,17,2, 1,0
3200,17,2, 2,0
2000,17,2, 2,0
1800,17,1, 1,0
2250,17,2, 2,0
3950,17,3, 3,1
1900,17,2, 2,0
3700,17,4, 2,1
2100,17,2, 2,0
1900,17,1, 2,0
2600,17,3, 2,0
2650,17,3, 2,0
2600,17,1, 1,0
3500,17,3, 3,0
2000,17,2, 2,0
5500,17,5, 3,1
2500,17,3, 2,1
2040,17,2, 2,0
1575,17,2, 2,0
1549,17,1, 1,0
2505,17,3, 2,0
1850,17,1, 1,0
2100,17,2, 2,0
3800,17,3, 2,0
3920,17,2, 2,0
4200,17,2, 2,0
3920,17,2, 2,0
2200,18,2, 1,0
1750,18,1, 1,0
2500,18,2, 2,0
2000,18,3, 2,0
2300,18,2, 1,0
2600,18,3, 4,0
2400,18,3, 1,0
2300,18,3, 2,0
1550,18,1, 1,0
1545,18,1, 1,0
1600,18,1, 1,0
2200,18,2, 2,0
1890,18,1, 1,0
2200,18,1, 1,0
2700,18,3, 2,1
1795,18,1, 1,0
1150,18,1, 1,0
1800,18,1, 1,0
2600,18,2, 2,0
2200,18,2, 1,0
1750,18,1, 1,0
2500,18,2, 2,0
2000,18,3, 2,0
2300,18,2, 1,0
2600,18,3, 4,0
2400,18,3, 1,0
2300,18,3, 2,0
1550,18,1, 1,0
1545,18,1, 1,0
1600,18,1, 1,0
2200,18,2, 2,0
1890,18,1, 1,0
2200,18,1, 1,0
2700,18,3, 2,1
1795,18,1, 1,0
1150,18,1, 1,0
1800,18,1, 1,0
2600,18,2, 2,0
1750,18,2, 1,0
1150,18,1, 1,0
1550,18,1, 1,0
1570,18,2, 1,0
2250,18,2, 2,0
1674,18,1, 1,0
1300,18,1, 1,0
2000,18,2, 2,0
1768,18,1, 1,0
1768,18,2, 1,1
1600,18,1, 1,0
2495,18,3, 2,0
2400,18,2, 2,0
1700,18,2, 2,0
2200,18,2, 1,0
1650,18,1, 1,1
1650,18,1, 1,1
1700,18,2, 2,0
1300,18,1, 1,0
1750,18,1, 1,0
2200,18,3, 2,0
1715,18,2, 1,0
2300,18,3, 2,0
1950,18,3, 3,0
1975,18,2, 3,0
1550,18,1, 1,0
1700,18,2, 2,0
1721,18,2, 1,0
1828,18,2, 1,0
1750,18,2, 2,0
1925,18,3, 3,0
1495,18,2, 1,0
2350,18,3, 2,0
1475,18,2, 2,0
1600,18,2, 2,0
3000,18,3, 3,0
2940,18,4, 2,1
2850,18,3, 2,0
2750,18,3, 1,0
3750,18,3, 2,0
2000,18,2, 1,0
2300,18,2, 1,0
2500,18,2, 2,0
1300,18,1, 1,0
2400,18,3, 2,0
1697,18,2, 1,0
2950,18,3, 2,1
1686,18,2, 2,0
4250,18,4, 1,0
1280,18,2, 1,0
2500,18,2, 2,0
1800,18,2, 2,0
1600,18,3, 1,0
4000,18,2, 2,0
1400,18,1, 1,0
600,18,1, 1,0
2200,18,3, 2,0
3750,18,4, 3,0
2300,18,3, 2,0
1000,18,1, 1,0
1000,18,1, 1,1
1850,18,1, 1,0
3250,18,3, 1,0
1800,18,2, 1,0
1450,18,2, 1,0
2000,18,2, 2,0
1800,18,2, 1,0
1700,18,1, 1,0
2600,18,2, 1,0
1900,18,1, 1,0
3800,18,5, 4,1
1260,18,2, 1,0
1300,18,1, 1,0
1600,18,1, 1,0
1600,18,1, 1,0
3500,18,3, 2,1
1925,18,2, 1,0
1460,18,1, 1,0
2000,18,2, 1,0
1687,18,3, 1,1
1569,18,1, 1,0
2000,18,3, 2,0
2400,18,4, 2,0
2200,18,2, 2,0
2100,18,2, 1,0
2549,18,2, 2,0
1490,18,1, 1,0
1850,18,1, 1,0
2450,18,2, 1,0
2400,18,2, 1,0
1950,18,2, 1,0
2200,18,2, 1,0
1550,18,2, 1,1
2900,18,2, 3,0
1800,18,1, 1,0
2200,18,2, 1,0
1730,18,2, 1,0
2100,18,3, 3,0
8000,18,4, 3,1
1987,18,1, 1,1
2400,18,2, 2,0
3495,18,4, 2,0
2000,18,2, 2,0
1800,18,2, 2,1
2850,18,3, 2,1
3300,18,3, 2,0
2999,18,2, 2,0
3300,18,3, 1,0
1999,18,2, 2,0
3822,18,4, 4,1
1737,18,2, 1,0
4000,18,4, 3,1
2200,18,2, 1,0
1300,18,1, 1,0
1567,18,1, 1,0
1872,18,2, 1,0
1510,18,1, 1,0
1900,18,2, 2,0
1800,18,2, 2,0
1700,18,2, 1,0
1695,18,1, 1,0
1685,18,2, 1,0
1600,18,2, 2,0
1357,18,1, 1,0
1900,18,2, 1,0
2200,18,2, 2,0
2450,18,3, 2,0
2500,18,3, 3,0
1750,18,1, 1,1
1200,18,1, 1,0
1900,18,1, 1,0
1950,18,2, 1,0
1600,18,2, 1,0
2200,18,2, 2,0
1961,18,1, 1,0
2000,18,2, 2,0
2819,18,3, 2,0
1747,18,2, 1,0
1100,18,1, 1,0
1401,18,1, 1,0
2400,18,2, 2,0
2300,18,2, 1,0
2400,18,2, 2,0
3300,18,3, 2,0
1883,18,2, 1,0
1878,18,2, 1,0
2200,18,1, 1,0
2280,18,3, 2,0
1700,18,2, 1,0
2300,18,3, 3,0
3640,18,3, 3,0
1850,18,2, 2,1
1400,18,1, 1,0
4500,18,4, 2,0
2350,18,2, 2,0
1800,18,2, 2,0
1701,18,1, 1,0
1766,18,1, 1,0
3000,18,2, 3,0
1600,18,2, 1,0
1800,18,2, 1,1
1800,18,2, 2,0
1950,18,1, 1,0
2065,18,3, 3,0
2204,18,3, 1,1
1600,18,1, 1,0
1650,18,1, 1,0
2695,18,4, 2,1
1750,18,1, 1,0
1744,18,2, 1,0
1550,18,1, 1,0
2400,18,2, 1,0
2180,18,3, 3,0
3000,18,2, 2,0
1850,18,2, 2,0
1700,18,1, 1,0
1950,18,2, 1,0
1850,18,2, 1,0
1700,18,2, 1,0
2000,18,2, 2,1
2950,18,4, 2,0
1950,18,2, 2,0
3600,18,3, 2,1
1425,18,1, 1,0
970,18,1, 1,0
1700,18,2, 2,0
2000,18,3, 1,1
2300,18,2, 1,0
1875,18,2, 1,0
975,18,1, 1,0
1995,18,2, 1,0
1850,18,2, 2,1
2320,18,4, 3,1
2100,18,2, 1,0
2400,18,4, 3,0
1627,18,2, 2,0
1500,18,1, 1,0
2000,18,2, 1,1
1975,18,2, 1,0
1900,18,1, 1,0
1800,18,1, 1,0
1875,18,2, 1,0
2200,18,3, 2,0
2500,18,4, 2,0
1961,18,2, 1,1
1850,18,2, 1,0
1650,18,1, 1,0
2100,18,2, 1,0
2550,18,2, 2,0
1330,18,1, 1,0
1950,18,2, 1,0
1674,18,2, 1,0
2075,18,2, 2,0
2000,18,1, 1,0
1950,18,1, 1,0
2150,18,2, 2,0
1813,18,2, 2,0
1575,18,2, 1,0
1999,18,2, 2,0
3400,18,3, 2,0
1578,18,1, 2,0
1400,18,1, 1,0
1632,18,1, 1,1
1900,18,3, 3,0
2350,18,2, 3,0
2000,18,2, 1,0
1145,18,1, 1,0
2200,18,2, 1,0
1500,18,1, 1,0
1770,18,1, 1,0
1990,18,2, 2,0
2500,18,2, 2,0
2900,18,3, 2,0
2100,18,2, 2,0
1900,18,3, 3,0
3000,18,4, 4,0
2100,18,3, 2,1
1425,18,1, 1,0
1750,18,1, 1,0
1777,18,2, 1,0
1579,18,2, 1,0
1200,18,1, 1,0
1768,18,1, 1,0
1782,18,1, 1,0
1940,18,2, 2,0
1845,18,1, 1,0
2600,18,4, 1,0
1960,18,2, 2,0
1800,18,1, 1,0
1685,18,1, 1,0
2100,18,2, 1,1
1850,18,1, 1,0
1800,18,2, 2,0
2900,18,3, 2,1
1700,18,2, 2,0
1800,18,2, 2,0
1669,18,2, 2,0
2100,18,3, 1,1
3000,18,3, 2,1
1880,18,1, 1,0
2950,18,3, 1,1
2065,18,2, 1,0
2000,18,2, 2,0
1900,18,2, 2,1
4400,18,3, 3,0
1900,18,2, 1,0
4500,18,3, 2,0
1500,18,1, 1,0
1950,18,2, 1,0
2200,18,2, 2,0
2070,18,2, 2,0
2300,18,1, 1,1
2000,18,3, 1,1
2000,18,2, 1,0
1800,18,2, 2,0
1443,18,1, 1,0
2452,18,2, 2,0
1600,18,1, 1,0
1400,18,1, 1,0
1600,18,1, 1,0
3083,18,3, 2,1
2052,18,3, 2,0
2700,18,2, 2,0
1700,18,1, 2,0
2040,18,1, 1,0
1460,18,1, 1,0
2500,18,3, 2,1
1550,18,1, 1,0
3492,18,4, 1,0
2406,18,3, 1,0
2117,18,2, 1,0
5050,18,4, 2,1
2000,18,2, 1,0
1820,18,1, 1,0
1711,18,1, 1,0
1800,18,1, 1,0
3000,18,2, 3,0
2650,18,2, 3,0
1240,18,1, 1,0
2500,18,2, 2,1
1800,18,1, 1,0
2000,18,2, 2,0
1600,18,0, 1,0
2900,18,2, 2,0
2195,18,2, 1,0
2500,18,2, 1,0
1750,18,1, 1,0
1165,18,1, 1,0
950,18,1, 1,0
1450,18,1, 1,0
2250,18,2, 2,0
2690,18,2, 3,0
1580,18,1, 1,0
1750,18,2, 2,0
1600,18,1, 1,0
1750,18,1, 1,0
1845,18,1, 1,0
3580,18,2, 1,0
1800,18,1, 1,0
1935,18,2, 3,0
1752,18,1, 1,0
1500,18,1, 1,0
2450,18,3, 1,0
2500,18,2, 2,0
2700,18,2, 2,0
1500,18,2, 2,0
2100,18,3, 1,1
1600,18,1, 1,0
1685,18,2, 1,0
1726,18,3, 1,0
2150,18,2, 2,0
1673,18,2, 2,0
1600,18,1, 1,0
1595,18,2, 1,0
2999,18,2, 2,0
2150,18,3, 3,1
3850,18,2, 2,0
1667,18,2, 1,0
1785,18,2, 1,0
1775,18,2, 1,0
1400,18,1, 1,0
1710,18,2, 2,0
1304,18,1, 1,0
1599,18,2, 1,0
1800,18,2, 2,0
2044,18,2, 2,0
2100,18,3, 1,0
1883,18,1, 2,0
1892,18,3, 2,0
2347,18,3, 1,0
2216,18,4, 3,1
1500,18,1, 1,0
2750,18,3, 2,1
1600,18,2, 1,0
2000,18,2, 1,0
3037,18,4, 3,1
3200,18,2, 2,0
1250,18,1, 1,0
1614,18,2, 2,0
1900,18,2, 2,0
1600,18,1, 1,0
1612,18,1, 1,0
3500,18,2, 1,0
3500,18,2, 2,0
1900,18,2, 1,0
2650,18,2, 2,1
1400,18,1, 1,0
2300,18,2, 1,0
1850,18,1, 1,1
2500,18,4, 2,0
2000,18,3, 1,1
1695,18,1, 1,1
1500,18,1, 1,0
2000,18,2, 2,0
1800,18,2, 2,0
3350,18,3, 3,0
1395,18,1, 1,0
1900,18,1, 1,0
1800,18,1, 1,0
1500,18,1, 1,0
3450,18,3, 2,0
1800,18,2, 1,0
1700,18,1, 1,0
3700,18,4, 4,1
1400,18,1, 1,0
3700,18,2, 1,0
2000,18,1, 1,0
1900,18,2, 2,0
1997,18,2, 1,0
2700,18,2, 1,0
5000,18,2, 2,0
3771,18,4, 3,0
4000,18,3, 2,0
1730,18,2, 1,0
1450,18,1, 1,1
2000,18,2, 2,0
1239,18,2, 3,0
2232,18,2, 2,1
1890,18,2, 2,0
3500,18,4, 2,0
3000,18,2, 1,0
2000,18,2, 2,0
1875,18,3, 3,0
2400,18,2, 1,0
2100,18,2, 1,0
1200,18,1, 1,0
1200,18,1, 1,0
2150,18,2, 1,0
2000,18,2, 1,0
1200,18,1, 1,0
1600,18,1, 1,0
1700,18,1, 1,1
1750,18,2, 1,1
1500,18,1, 1,0
2000,18,3, 1,1
7000,18,3, 2,1
800,18,1, 1,0
2600,18,3, 2,1
2700,18,3, 1,0
7000,18,4, 2,1
2900,18,3, 1,1
2201,18,3, 3,0
4160,18,3, 2,1
1800,18,1, 1,0
1875,18,2, 2,0
2407,18,2, 1,0
2027,18,2, 2,0
1350,18,1, 1,0
2956,18,4, 2,0
1900,18,2, 2,0
2500,18,3, 2,1
3000,18,2, 2,0
6000,18,4, 3,1
2250,18,2, 2,0
1650,18,2, 2,1
1538,18,2, 2,0
1500,18,1, 1,0
1500,18,1, 1,0
2188,18,2, 2,0
2450,18,2, 1,1
3950,18,3, 3,1
1500,18,1, 1,0
1950,18,2, 1,0
2300,18,4, 2,0
2250,18,2, 1,0
1650,18,2, 1,0
3250,18,3, 2,1
2400,18,2, 2,0
1525,18,1, 1,0
1850,18,2, 2,0
1661,18,1, 1,0
2150,18,2, 2,1
1900,18,2, 3,0
2500,18,2, 1,0
3000,18,5, 3,0
5000,18,5, 3,1
2011,18,2, 1,0
3850,18,4, 2,0
2100,18,2, 2,0
2800,18,2, 2,1
3000,18,1, 1,1
2500,18,2, 1,0
1438,18,1, 1,0
2000,18,3, 1,0
2250,18,3, 3,0
3000,18,4, 3,1
1830,18,2, 1,0
2500,18,3, 1,0
2000,18,1, 1,0
1950,18,1, 1,0
2000,18,2, 2,0
1800,18,2, 1,0
2600,18,2, 2,0
1600,18,1, 1,1
1650,18,1, 1,0
3900,18,5, 3,1
4000,18,3, 2,0
2174,18,2, 2,0
1800,18,1, 1,0
1225,18,1, 1,0
3000,18,4, 3,0
1225,18,1, 1,0
2691,18,2, 2,0
2500,18,4, 3,1
2712,18,4, 2,1
1956,18,2, 1,0
1215,18,2, 1,0
1735,18,2, 1,0
1670,18,1, 1,0
1554,18,1, 1,0
1670,18,2, 1,0
1750,18,1, 1,0
2400,18,2, 2,0
1714,18,2, 1,0
2100,18,3, 1,0
2575,18,2, 1,0
1725,18,2, 1,0
2700,18,3, 2,0
1800,18,1, 1,0
2800,18,2, 1,0
3500,18,2, 2,0
2350,18,2, 2,0
2100,18,2, 1,0
3250,18,3, 3,0
1799,18,2, 2,0
1850,18,1, 1,0
2200,18,1, 1,0
2750,18,4, 2,1
1950,18,2, 2,0
1667,18,1, 1,0
1700,18,1, 1,0
2450,18,2, 2,0
1868,18,3, 1,0
2300,18,1, 1,0
1875,18,2, 1,1
2225,18,3, 3,0
2550,18,3, 1,0
1900,18,2, 1,0
4700,18,3, 3,1
4000,18,3, 3,1
1144,18,1, 1,0
2000,18,2, 2,0
1500,18,1, 1,0
2040,18,2, 1,0
3950,18,4, 3,1
2080,18,3, 1,0
1650,18,2, 2,0
2250,18,2, 1,0
1900,18,2, 2,0
2118,18,3, 2,0
2800,18,3, 2,0
6000,18,3, 4,0
1950,18,2, 2,0
3800,18,2, 2,0
3600,18,2, 2,0
2100,18,1, 1,1
2400,18,2, 2,0
3000,18,3, 3,0
1450,18,1, 1,1
1650,18,2, 1,0
3700,18,5, 4,1
2200,18,2, 1,1
1565,18,2, 1,0
1950,18,3, 1,1
1500,18,2, 1,0
2150,18,2, 1,0
2000,18,2, 1,0
2100,18,2, 1,0
3125,18,4, 3,1
2399,18,2, 2,1
1900,18,2, 2,0
1400,18,1, 1,0
1730,18,2, 1,0
2250,18,3, 2,0
4000,18,2, 3,0
1850,18,2, 1,0
7100,18,5, 5,1
7100,18,5, 5,1
2500,18,2, 1,0
2250,18,2, 2,0
1500,18,3, 1,0
3700,18,4, 2,1
4500,18,5, 4,1
2100,18,3, 3,0
2500,18,3, 1,0
2100,18,2, 2,0
3000,18,4, 2,0
1650,18,2, 2,0
2782,18,4, 4,0
2250,18,2, 1,0
1982,18,2, 1,0
4500,18,4, 4,0
1900,18,2, 2,0
3400,18,4, 2,0
2950,18,3, 3,0
2250,18,2, 1,0
2250,18,2, 2,0
1165,18,1, 1,0
1500,18,1, 1,0
2350,18,2, 1,0
3200,18,2, 2,0
3875,18,4, 3,0
2150,18,2, 1,0
2400,18,3, 2,0
1870,18,2, 1,1
2300,18,2, 2,0
9800,18,3, 2,0
2140,18,2, 1,0
11000,18,6, 4,1
2000,18,2, 2,0
15000,18,2, 3,0
2600,18,2, 1,0
2500,18,2, 2,0
1875,18,1, 1,0
1640,18,1, 1,1
2100,18,2, 1,0
1900,18,1, 2,0
3500,18,3, 1,0
2300,18,2, 1,0
2500,18,2, 3,0
2000,18,1, 2,0
1650,18,1, 1,0
2600,18,3, 2,0
2389,18,2, 1,0
2300,18,1, 1,0
1940,18,2, 2,0
2650,18,3, 2,0
2650,18,2, 2,1
2000,18,2, 1,0
4495,18,4, 2,1
1800,18,2, 1,0
2600,18,1, 1,0
1900,18,2, 1,0
1750,18,1, 1,0
2000,18,1, 1,0
1848,18,3, 1,1
3000,18,2, 2,0
1650,18,2, 1,1
3400,18,2, 2,0
1522,18,2, 2,0
2500,18,2, 1,0
1650,18,3, 3,0
2600,18,3, 3,0
1550,18,1, 1,0
1920,18,1, 1,1
1536,18,1, 1,0
1100,18,1, 1,0
2200,18,2, 2,0
2300,18,2, 2,0
2500,18,2, 2,0
3000,18,4, 2,1
2250,18,2, 1,0
5800,18,4, 5,1
2024,18,3, 3,0
1545,18,1, 1,0
1450,18,1, 1,0
2150,18,2, 1,0
3000,18,3, 2,1
1900,18,3, 3,0
3500,18,3, 3,0
2300,18,3, 1,0
2300,18,2, 1,0
3500,18,4, 4,0
3600,18,4, 4,0
2950,18,3, 2,0
2400,18,3, 3,0
1900,18,2, 1,0
3500,18,2, 2,1
1800,18,1, 1,0
9950,18,4, 3,1
10000,18,3, 4,0
2000,18,2, 2,0
2000,18,2, 1,0
1800,18,2, 2,0
1750,18,2, 2,1
2300,18,2, 2,0
2000,18,2, 1,0
1800,18,2, 1,0
1700,18,2, 1,1
1800,18,2, 2,0
1850,18,2, 1,1
1700,18,1, 1,0
2190,18,3, 2,0
6000,18,5, 3,0
5700,18,5, 4,1
4800,18,3, 4,0
2400,18,3, 3,0
3600,18,2, 2,0
2800,18,1, 1,0
1950,18,2, 1,1
2250,18,3, 1,0
1650,18,1, 1,0
1640,18,2, 1,0
4706,18,4, 3,1
1950,18,2, 2,0
4700,18,2, 2,0
2300,18,2, 1,0
1600,18,1, 1,0
2250,18,2, 2,0
2250,18,2, 2,0
6200,18,5, 4,1
2300,18,2, 2,1
1450,18,1, 1,0
2450,18,3, 1,1
1950,18,2, 2,0
1400,18,1, 1,0
2200,18,3, 2,1
1800,18,3, 1,0
1875,18,2, 2,0
2200,18,2, 2,0
2250,18,2, 1,0
1900,18,2, 1,0
1600,18,2, 1,1
2795,18,2, 2,0
2288,18,2, 2,0
1850,18,2, 2,0
3000,18,1, 1,0
1950,18,2, 1,0
950,18,1, 1,0
2350,18,2, 1,0
2100,18,2, 1,0
2000,18,2, 2,0
2400,18,2, 2,0
3500,18,4, 3,1
4995,18,3, 3,0
1900,18,1, 1,0
1550,18,2, 2,1
1800,18,3, 2,1
1600,18,1, 1,0
9950,18,4, 3,1
1750,18,1, 1,0
2200,18,3, 1,0
1799,18,1, 1,0
2025,18,2, 2,0
6500,18,2, 2,0
1400,18,2, 1,0
7500,18,4, 4,1
5500,18,5, 3,1
1698,18,1, 1,0
2100,18,2, 2,0
7250,18,3, 2,1
1925,18,1, 1,0
1850,18,1, 1,0
5000,18,4, 3,1
3750,18,3, 3,0
2500,18,2, 1,0
1599,18,1, 1,0
1200,18,1, 1,1
2000,18,2, 1,1
2000,18,3, 1,1
2000,18,2, 1,1
2990,18,3, 2,0
1775,18,3, 2,0
2200,18,2, 2,0
3600,18,1, 1,0
1900,18,2, 1,1
4600,18,2, 2,0
2500,18,3, 2,1
2450,18,1, 1,0
2900,18,2, 2,0
3900,18,3, 2,0
4500,18,3, 3,1
2800,18,1, 1,0
1550,18,1, 1,0
1550,18,1, 1,0
2040,18,2, 2,0
1675,18,1, 1,0
1950,18,2, 2,0
15000,18,5, 5,1
2000,18,2, 1,0
3750,18,4, 2,1
1280,18,1, 1,0
1875,18,2, 2,0
1800,18,1, 1,0
2195,18,2, 1,0
2100,18,3, 1,0
4500,18,1, 1,0
2629,18,4, 2,0
2700,18,2, 2,0
1950,18,1, 1,0
2025,18,2, 2,0
3100,18,3, 2,0
720,18,3, 3,0
880,18,2, 2,0
720,18,2, 2,0
880,18,2, 2,0
2800,18,2, 1,0
720,18,2, 2,0
1450,18,1, 1,0
1530,18,1, 1,1
2320,18,2, 2,0
7000,18,4, 3,1
3400,18,3, 2,0
2300,18,1, 1,0
2300,18,2, 2,0
1367,18,1, 1,0
1350,18,1, 1,1
1600,18,1, 1,0
3900,18,4, 1,1
1650,18,2, 2,1
1900,18,1, 1,0
2150,18,2, 1,1
1800,18,1, 1,0
3250,18,2, 2,0
1900,18,2, 1,0
1000,18,1, 1,0
1650,18,1, 1,0
1930,18,3, 3,0
2100,18,2, 2,0
1950,18,2, 2,0
1650,18,1, 1,0
4200,18,3, 2,0
3400,18,1, 1,0
6200,18,4, 3,0
2000,18,3, 1,0
2107,18,2, 2,0
1650,18,2, 1,0
2000,18,1, 1,0
2500,18,2, 2,0
3200,18,3, 2,0
4100,18,3, 2,0
9500,18,1, 7,0
4900,18,4, 5,0
1575,18,2, 2,0
1950,18,2, 2,0
3600,18,2, 4,0
5000,18,1, 2,1
1600,18,1, 1,0
2800,18,2, 1,0
1900,18,2, 1,0
1800,18,2, 1,0
8000,18,3, 3,0
1850,18,2, 2,0
2200,18,3, 2,0
2400,18,2, 2,0
2000,18,2, 2,0
1850,18,2, 2,0
2600,18,3, 3,0
1450,18,1, 1,0
1400,18,1, 1,0
1900,18,1, 1,0
2250,18,2, 2,1
3045,18,3, 3,0
3000,18,1, 1,0
1690,18,2, 1,0
3400,18,3, 3,1
950,18,1, 1,0
2500,18,2, 1,0
8500,18,3, 3,0
3500,18,2, 2,0
1650,18,2, 1,0
2335,18,2, 2,0
2850,18,3, 2,0
3500,18,3, 2,1
2000,18,1, 1,0
2325,18,2, 2,0
3000,18,3, 2,0
3600,18,2, 2,0
3400,18,1, 1,0
4500,18,3, 3,1
7500,18,7, 6,0
9500,18,5, 4,1
2200,18,2, 1,1
3600,18,1, 2,0
3750,18,2, 1,0
4100,18,1, 1,0
4050,18,2, 2,0
3900,18,1, 1,0
3900,18,1, 1,0
1900,18,1, 1,0
2150,18,2, 2,0
2550,18,3, 3,0
2700,18,4, 2,1
3900,18,2, 2,0
3495,18,4, 1,1
1850,18,2, 1,0
6300,18,5, 4,1
3000,18,3, 3,0
2500,18,1, 1,0
3200,18,1, 1,0
3600,18,2, 2,0
3600,18,2, 2,0
3400,18,2, 2,0
1000,18,1, 1,0
2000,18,3, 1,1
1036,18,1, 1,0
2392,18,3, 2,0
3500,18,3, 2,0
1925,18,2, 2,0
3000,18,1, 1,0
3250,18,3, 2,0
2000,18,1, 1,0
2050,18,2, 2,0
2350,18,3, 3,0
2500,18,4, 3,0
2490,18,3, 2,0
1950,18,2, 2,0
1495,18,1, 1,0
2995,18,2, 2,0
1450,18,2, 1,0
4900,18,2, 2,0
2450,18,1, 1,0
2450,18,1, 1,0
1549,18,1, 1,0
2500,18,2, 2,0
7000,18,2, 3,0
2350,18,4, 1,0
5400,18,3, 3,0
4200,18,2, 2,0
4150,18,2, 2,0
3900,18,1, 1,0
3900,18,1, 1,0
4500,18,2, 1,0
2750,18,2, 3,1
1850,18,1, 1,0
1925,18,2, 2,0
1500,18,1, 1,0
4500,18,2, 2,0
1750,18,1, 1,0
2000,18,2, 2,0
2500,18,3, 2,0
3580,18,3, 2,0
2500,18,2, 2,0
2400,18,2, 2,0
1950,18,2, 2,0
2550,18,3, 3,0
4645,18,3, 2,0
3580,18,1, 1,0
3500,18,1, 1,0
2700,18,1, 1,0
3980,18,2, 2,0
3400,18,1, 1,0
3980,18,3, 2,0
3580,18,2, 1,0
3360,18,2, 2,0
10000,18,5, 3,1
4250,18,2, 2,0
4500,18,2, 2,0
4500,18,2, 2,0
4200,18,2, 2,0
960,18,1, 1,0
3640,18,2, 1,0
2387,18,1, 1,0
2050,18,1, 1,0
4000,18,2, 3,0
5000,18,2, 3,0
5500,18,3, 4,0
6000,18,3, 4,0
15000,18,4, 5,0
2660,18,3, 2,0
6500,18,1, 2,0
2042,18,2, 1,0
2000,18,2, 2,0
2225,18,2, 2,0
1655,18,2, 2,0
1040,18,1, 1,0
996,18,1, 1,0
1000,18,1, 1,0
920,18,1, 1,0
2200,18,2, 2,0
2200,18,2, 2,0
1750,18,1, 1,0
1040,18,6, 6,0
928,18,6, 6,0
1120,18,6, 6,0
912,18,6, 6,0
1080,18,6, 6,0
1008,18,6, 6,0
1016,18,6, 6,0
896,18,6, 6,0
912,18,6, 6,0
1000,18,6, 6,0
1020,18,6, 6,0
1032,18,6, 6,0
1060,18,6, 6,0
1080,18,6, 6,0
1100,18,6, 6,0
1120,18,6, 6,0
1088,18,6, 6,0
1088,18,6, 6,0
2700,18,2, 2,0
2150,18,1, 1,0
6000,18,3, 3,0
500,18,1, 1,0
2595,18,4, 3,0
2024,18,2, 2,0
2172,18,2, 2,0
1899,18,1, 1,0
2505,18,3, 2,0
1850,18,1, 1,0
2100,18,2, 2,0
2242,18,2, 2,0
1877,18,1, 1,0
2473,18,2, 2,0
3800,18,3, 2,0
2264,18,2, 2,0
1975,18,1, 1,1
2300,18,2, 2,1
2550,18,2, 2,1
3000,18,3, 2,1
2600,18,1, 1,0
1040,18,1, 1,0
980,18,1, 1,0
1000,18,1, 1,0
1040,18,1, 1,0
1080,18,1, 1,0
1000,18,1, 1,0
1040,18,1, 1,0
1080,18,1, 1,0
1120,18,1, 1,0
1080,18,2, 2,0
944,18,3, 1,0
928,18,3, 1,0
936,18,3, 1,0
880,18,1, 1,0
916,18,3, 1,0
1080,18,6, 6,0
1080,18,6, 6,0
1008,18,8, 8,0
1032,18,7, 7,0
1128,18,4, 4,0
860,18,4, 4,0
1750,18,1, 1,0
3600,18,2, 1,0
2300,18,1, 1,0
2100,18,1, 1,0
3650,18,2, 2,0
3750,18,2, 2,0
2300,18,1, 1,0
3245,18,2, 2,0
3575,18,2, 2,0
5030,18,3, 3,1
2545,18,1, 1,1
3245,18,2, 2,1
4230,18,3, 2,0
15000,18,2, 3,0
4200,18,2, 2,0
4300,18,2, 2,0
3300,18,2, 2,0
3150,18,2, 2,1
6000,18,3, 3,0
3572,18,2, 2,0
4000,18,2, 2,0
4200,18,3, 2,0
2392,18,2, 2,0
3600,18,2, 2,0
6000,18,2, 3,1
2300,18,1, 1,0
3360,18,1, 1,0
2800,18,1, 1,0
2940,18,2, 2,0
2940,18,2, 2,0
2800,18,1, 2,0
2800,18,1, 1,0
3360,18,1, 2,0
3360,18,1, 2,0
3360,18,1, 2,0
3360,18,2, 1,0
3360,18,1, 2,0
3360,18,1, 1,0
3920,18,2, 2,0
3920,18,2, 2,0
4200,18,2, 2,0
3920,18,2, 2,0
3920,18,2, 2,0
4620,18,3, 2,0
3304,18,1, 1,0
3528,18,2, 2,0
1600,19,3, 1,0
2400,19,4, 2,0
1575,19,2, 1,0
1700,19,1, 1,0
1400,19,1, 1,0
1800,19,3, 1,0
2000,19,2, 1,1
1600,19,3, 1,0
2400,19,4, 2,0
1575,19,2, 1,0
1700,19,1, 1,0
1400,19,1, 1,0
1800,19,3, 1,0
2000,19,2, 1,1
2200,20,2, 1,0
1750,20,1, 1,0
2500,20,2, 2,0
2000,20,3, 2,0
2300,20,2, 1,0
2600,20,3, 4,0
2400,20,3, 1,0
2300,20,3, 2,0
1550,20,1, 1,0
1545,20,1, 1,0
1600,20,1, 1,0
2200,20,2, 2,0
1890,20,1, 1,0
2200,20,1, 1,0
2700,20,3, 2,1
1795,20,1, 1,0
1150,20,1, 1,0
1800,20,1, 1,0
2600,20,2, 2,0
2200,20,2, 1,0
1750,20,1, 1,0
2500,20,2, 2,0
2000,20,3, 2,0
2300,20,2, 1,0
2600,20,3, 4,0
2400,20,3, 1,0
2300,20,3, 2,0
1550,20,1, 1,0
1545,20,1, 1,0
1600,20,1, 1,0
2200,20,2, 2,0
1890,20,1, 1,0
2200,20,1, 1,0
2700,20,3, 2,1
1795,20,1, 1,0
1150,20,1, 1,0
1800,20,1, 1,0
2600,20,2, 2,0
1750,20,2, 1,0
1150,20,1, 1,0
1550,20,1, 1,0
1570,20,2, 1,0
2250,20,2, 2,0
1674,20,1, 1,0
1300,20,1, 1,0
2000,20,2, 2,0
1768,20,1, 1,0
1768,20,2, 1,1
1600,20,1, 1,0
2495,20,3, 2,0
2400,20,2, 2,0
1700,20,2, 2,0
2200,20,2, 1,0
1650,20,1, 1,1
1650,20,1, 1,1
1700,20,2, 2,0
1300,20,1, 1,0
1750,20,1, 1,0
2200,20,3, 2,0
1715,20,2, 1,0
2300,20,3, 2,0
1950,20,3, 3,0
1975,20,2, 3,0
1550,20,1, 1,0
1700,20,2, 2,0
1721,20,2, 1,0
1828,20,2, 1,0
1750,20,2, 2,0
1925,20,3, 3,0
1495,20,2, 1,0
2350,20,3, 2,0
1475,20,2, 2,0
1600,20,2, 2,0
3000,20,3, 3,0
2940,20,4, 2,1
2850,20,3, 2,0
2750,20,3, 1,0
3750,20,3, 2,0
2000,20,2, 1,0
2300,20,2, 1,0
2500,20,2, 2,0
1300,20,1, 1,0
2400,20,3, 2,0
1697,20,2, 1,0
2950,20,3, 2,1
1686,20,2, 2,0
4250,20,4, 1,0
1280,20,2, 1,0
2500,20,2, 2,0
1800,20,2, 2,0
1600,20,3, 1,0
4000,20,2, 2,0
1400,20,1, 1,0
600,20,1, 1,0
2200,20,3, 2,0
3750,20,4, 3,0
2300,20,3, 2,0
1000,20,1, 1,0
1000,20,1, 1,1
1850,20,1, 1,0
3250,20,3, 1,0
1800,20,2, 1,0
1450,20,2, 1,0
2000,20,2, 2,0
1800,20,2, 1,0
1700,20,1, 1,0
2600,20,2, 1,0
1900,20,1, 1,0
3800,20,5, 4,1
1260,20,2, 1,0
1300,20,1, 1,0
1600,20,1, 1,0
1600,20,1, 1,0
3500,20,3, 2,1
1925,20,2, 1,0
1460,20,1, 1,0
2000,20,2, 1,0
1687,20,3, 1,1
1569,20,1, 1,0
2000,20,3, 2,0
2400,20,4, 2,0
2200,20,2, 2,0
2100,20,2, 1,0
2549,20,2, 2,0
1490,20,1, 1,0
1850,20,1, 1,0
2450,20,2, 1,0
2400,20,2, 1,0
1950,20,2, 1,0
2200,20,2, 1,0
1550,20,2, 1,1
2900,20,2, 3,0
1800,20,1, 1,0
2200,20,2, 1,0
1730,20,2, 1,0
2100,20,3, 3,0
8000,20,4, 3,1
1987,20,1, 1,1
2400,20,2, 2,0
3495,20,4, 2,0
2000,20,2, 2,0
1800,20,2, 2,1
2850,20,3, 2,1
3300,20,3, 2,0
2999,20,2, 2,0
3300,20,3, 1,0
1999,20,2, 2,0
3822,20,4, 4,1
1737,20,2, 1,0
4000,20,4, 3,1
2200,20,2, 1,0
1300,20,1, 1,0
1567,20,1, 1,0
1872,20,2, 1,0
1510,20,1, 1,0
1900,20,2, 2,0
1800,20,2, 2,0
1700,20,2, 1,0
1695,20,1, 1,0
1685,20,2, 1,0
1600,20,2, 2,0
1357,20,1, 1,0
1900,20,2, 1,0
2200,20,2, 2,0
2450,20,3, 2,0
2500,20,3, 3,0
1750,20,1, 1,1
1200,20,1, 1,0
1900,20,1, 1,0
1950,20,2, 1,0
1600,20,2, 1,0
2200,20,2, 2,0
1961,20,1, 1,0
2000,20,2, 2,0
2819,20,3, 2,0
1747,20,2, 1,0
1100,20,1, 1,0
1401,20,1, 1,0
2400,20,2, 2,0
2300,20,2, 1,0
2400,20,2, 2,0
3300,20,3, 2,0
1883,20,2, 1,0
1878,20,2, 1,0
2200,20,1, 1,0
2280,20,3, 2,0
1700,20,2, 1,0
2300,20,3, 3,0
3640,20,3, 3,0
1850,20,2, 2,1
1400,20,1, 1,0
4500,20,4, 2,0
2350,20,2, 2,0
1800,20,2, 2,0
1701,20,1, 1,0
1766,20,1, 1,0
3000,20,2, 3,0
1600,20,2, 1,0
1800,20,2, 1,1
1800,20,2, 2,0
1950,20,1, 1,0
2065,20,3, 3,0
2204,20,3, 1,1
1600,20,1, 1,0
1650,20,1, 1,0
2695,20,4, 2,1
1750,20,1, 1,0
1744,20,2, 1,0
1550,20,1, 1,0
2400,20,2, 1,0
2180,20,3, 3,0
3000,20,2, 2,0
1850,20,2, 2,0
1700,20,1, 1,0
1950,20,2, 1,0
1850,20,2, 1,0
1700,20,2, 1,0
2000,20,2, 2,1
2950,20,4, 2,0
1950,20,2, 2,0
3600,20,3, 2,1
1425,20,1, 1,0
970,20,1, 1,0
1700,20,2, 2,0
2000,20,3, 1,1
2300,20,2, 1,0
1875,20,2, 1,0
975,20,1, 1,0
1995,20,2, 1,0
1850,20,2, 2,1
2320,20,4, 3,1
2100,20,2, 1,0
2400,20,4, 3,0
1627,20,2, 2,0
1500,20,1, 1,0
2000,20,2, 1,1
1975,20,2, 1,0
1900,20,1, 1,0
1800,20,1, 1,0
1875,20,2, 1,0
2200,20,3, 2,0
2500,20,4, 2,0
1961,20,2, 1,1
1850,20,2, 1,0
1650,20,1, 1,0
2100,20,2, 1,0
2550,20,2, 2,0
1330,20,1, 1,0
1950,20,2, 1,0
1674,20,2, 1,0
2075,20,2, 2,0
2000,20,1, 1,0
1950,20,1, 1,0
2150,20,2, 2,0
1813,20,2, 2,0
1575,20,2, 1,0
1999,20,2, 2,0
3400,20,3, 2,0
1578,20,1, 2,0
1400,20,1, 1,0
1632,20,1, 1,1
1900,20,3, 3,0
2350,20,2, 3,0
2000,20,2, 1,0
1145,20,1, 1,0
2200,20,2, 1,0
1500,20,1, 1,0
1770,20,1, 1,0
1990,20,2, 2,0
2500,20,2, 2,0
2900,20,3, 2,0
2100,20,2, 2,0
1900,20,3, 3,0
3000,20,4, 4,0
2100,20,3, 2,1
1425,20,1, 1,0
1750,20,1, 1,0
1777,20,2, 1,0
1579,20,2, 1,0
1200,20,1, 1,0
1768,20,1, 1,0
1782,20,1, 1,0
1940,20,2, 2,0
1845,20,1, 1,0
2600,20,4, 1,0
1960,20,2, 2,0
1800,20,1, 1,0
1685,20,1, 1,0
2100,20,2, 1,1
1850,20,1, 1,0
1800,20,2, 2,0
2900,20,3, 2,1
1700,20,2, 2,0
1800,20,2, 2,0
1669,20,2, 2,0
2100,20,3, 1,1
3000,20,3, 2,1
1880,20,1, 1,0
2950,20,3, 1,1
2065,20,2, 1,0
2000,20,2, 2,0
1900,20,2, 2,1
4400,20,3, 3,0
1900,20,2, 1,0
4500,20,3, 2,0
1500,20,1, 1,0
1950,20,2, 1,0
2200,20,2, 2,0
2070,20,2, 2,0
2300,20,1, 1,1
2000,20,3, 1,1
2000,20,2, 1,0
1800,20,2, 2,0
1443,20,1, 1,0
2452,20,2, 2,0
1600,20,1, 1,0
1400,20,1, 1,0
1600,20,1, 1,0
3083,20,3, 2,1
2052,20,3, 2,0
2700,20,2, 2,0
1700,20,1, 2,0
2040,20,1, 1,0
1460,20,1, 1,0
2500,20,3, 2,1
1550,20,1, 1,0
3492,20,4, 1,0
2406,20,3, 1,0
2117,20,2, 1,0
5050,20,4, 2,1
2000,20,2, 1,0
1820,20,1, 1,0
1711,20,1, 1,0
1800,20,1, 1,0
3000,20,2, 3,0
2650,20,2, 3,0
1240,20,1, 1,0
2500,20,2, 2,1
1800,20,1, 1,0
2000,20,2, 2,0
1600,20,0, 1,0
2900,20,2, 2,0
2195,20,2, 1,0
2500,20,2, 1,0
1750,20,1, 1,0
1165,20,1, 1,0
950,20,1, 1,0
1450,20,1, 1,0
2250,20,2, 2,0
2690,20,2, 3,0
1580,20,1, 1,0
1750,20,2, 2,0
1600,20,1, 1,0
1750,20,1, 1,0
1845,20,1, 1,0
3580,20,2, 1,0
1800,20,1, 1,0
1935,20,2, 3,0
1752,20,1, 1,0
1500,20,1, 1,0
2450,20,3, 1,0
2500,20,2, 2,0
2700,20,2, 2,0
1500,20,2, 2,0
2100,20,3, 1,1
1600,20,1, 1,0
1685,20,2, 1,0
1726,20,3, 1,0
2150,20,2, 2,0
1673,20,2, 2,0
1600,20,1, 1,0
1595,20,2, 1,0
2999,20,2, 2,0
2150,20,3, 3,1
3850,20,2, 2,0
1667,20,2, 1,0
1785,20,2, 1,0
1775,20,2, 1,0
1400,20,1, 1,0
1710,20,2, 2,0
1304,20,1, 1,0
1599,20,2, 1,0
1800,20,2, 2,0
2044,20,2, 2,0
2100,20,3, 1,0
1883,20,1, 2,0
1892,20,3, 2,0
2347,20,3, 1,0
2216,20,4, 3,1
1500,20,1, 1,0
2750,20,3, 2,1
1600,20,2, 1,0
2000,20,2, 1,0
3037,20,4, 3,1
3200,20,2, 2,0
1250,20,1, 1,0
1614,20,2, 2,0
1900,20,2, 2,0
1600,20,1, 1,0
1612,20,1, 1,0
3500,20,2, 1,0
3500,20,2, 2,0
1900,20,2, 1,0
2650,20,2, 2,1
1400,20,1, 1,0
2300,20,2, 1,0
1850,20,1, 1,1
2500,20,4, 2,0
2000,20,3, 1,1
1695,20,1, 1,1
1500,20,1, 1,0
2000,20,2, 2,0
1800,20,2, 2,0
3350,20,3, 3,0
1395,20,1, 1,0
1900,20,1, 1,0
1800,20,1, 1,0
1500,20,1, 1,0
3450,20,3, 2,0
1800,20,2, 1,0
1700,20,1, 1,0
3700,20,4, 4,1
1400,20,1, 1,0
3700,20,2, 1,0
2000,20,1, 1,0
1900,20,2, 2,0
1997,20,2, 1,0
2700,20,2, 1,0
5000,20,2, 2,0
3771,20,4, 3,0
4000,20,3, 2,0
1730,20,2, 1,0
1450,20,1, 1,1
2000,20,2, 2,0
1239,20,2, 3,0
2232,20,2, 2,1
1890,20,2, 2,0
3500,20,4, 2,0
3000,20,2, 1,0
2000,20,2, 2,0
1875,20,3, 3,0
2400,20,2, 1,0
2100,20,2, 1,0
1200,20,1, 1,0
1200,20,1, 1,0
2150,20,2, 1,0
2000,20,2, 1,0
1200,20,1, 1,0
1600,20,1, 1,0
1700,20,1, 1,1
1750,20,2, 1,1
1500,20,1, 1,0
2000,20,3, 1,1
7000,20,3, 2,1
800,20,1, 1,0
2600,20,3, 2,1
2700,20,3, 1,0
7000,20,4, 2,1
2900,20,3, 1,1
2201,20,3, 3,0
4160,20,3, 2,1
1800,20,1, 1,0
1875,20,2, 2,0
2407,20,2, 1,0
2027,20,2, 2,0
1350,20,1, 1,0
2956,20,4, 2,0
1900,20,2, 2,0
2500,20,3, 2,1
3000,20,2, 2,0
6000,20,4, 3,1
2250,20,2, 2,0
1650,20,2, 2,1
1538,20,2, 2,0
1500,20,1, 1,0
1500,20,1, 1,0
2188,20,2, 2,0
2450,20,2, 1,1
3950,20,3, 3,1
1500,20,1, 1,0
1950,20,2, 1,0
2300,20,4, 2,0
2250,20,2, 1,0
1650,20,2, 1,0
3250,20,3, 2,1
2400,20,2, 2,0
1525,20,1, 1,0
1850,20,2, 2,0
1661,20,1, 1,0
2150,20,2, 2,1
1900,20,2, 3,0
2500,20,2, 1,0
3000,20,5, 3,0
5000,20,5, 3,1
2011,20,2, 1,0
3850,20,4, 2,0
2100,20,2, 2,0
2800,20,2, 2,1
3000,20,1, 1,1
2500,20,2, 1,0
1438,20,1, 1,0
2000,20,3, 1,0
2250,20,3, 3,0
3000,20,4, 3,1
1830,20,2, 1,0
2500,20,3, 1,0
2000,20,1, 1,0
1950,20,1, 1,0
2000,20,2, 2,0
1800,20,2, 1,0
2600,20,2, 2,0
1600,20,1, 1,1
1650,20,1, 1,0
3900,20,5, 3,1
4000,20,3, 2,0
2174,20,2, 2,0
1800,20,1, 1,0
1225,20,1, 1,0
3000,20,4, 3,0
1225,20,1, 1,0
2691,20,2, 2,0
2500,20,4, 3,1
2712,20,4, 2,1
1956,20,2, 1,0
1215,20,2, 1,0
1735,20,2, 1,0
1670,20,1, 1,0
1554,20,1, 1,0
1670,20,2, 1,0
1750,20,1, 1,0
2400,20,2, 2,0
1714,20,2, 1,0
2100,20,3, 1,0
2575,20,2, 1,0
1725,20,2, 1,0
2700,20,3, 2,0
1800,20,1, 1,0
2800,20,2, 1,0
3500,20,2, 2,0
2350,20,2, 2,0
2100,20,2, 1,0
3250,20,3, 3,0
1799,20,2, 2,0
1850,20,1, 1,0
2200,20,1, 1,0
2750,20,4, 2,1
1950,20,2, 2,0
1667,20,1, 1,0
1700,20,1, 1,0
2450,20,2, 2,0
1868,20,3, 1,0
2300,20,1, 1,0
1875,20,2, 1,1
2225,20,3, 3,0
2550,20,3, 1,0
1900,20,2, 1,0
4700,20,3, 3,1
4000,20,3, 3,1
1144,20,1, 1,0
2000,20,2, 2,0
1500,20,1, 1,0
2040,20,2, 1,0
3950,20,4, 3,1
2080,20,3, 1,0
1650,20,2, 2,0
2250,20,2, 1,0
1900,20,2, 2,0
2118,20,3, 2,0
2800,20,3, 2,0
6000,20,3, 4,0
1950,20,2, 2,0
3800,20,2, 2,0
3600,20,2, 2,0
2100,20,1, 1,1
2400,20,2, 2,0
3000,20,3, 3,0
1450,20,1, 1,1
1650,20,2, 1,0
3700,20,5, 4,1
2200,20,2, 1,1
1565,20,2, 1,0
1950,20,3, 1,1
1500,20,2, 1,0
2150,20,2, 1,0
2000,20,2, 1,0
2100,20,2, 1,0
3125,20,4, 3,1
2399,20,2, 2,1
1900,20,2, 2,0
1400,20,1, 1,0
1730,20,2, 1,0
2250,20,3, 2,0
4000,20,2, 3,0
1850,20,2, 1,0
7100,20,5, 5,1
7100,20,5, 5,1
2500,20,2, 1,0
2250,20,2, 2,0
1500,20,3, 1,0
3700,20,4, 2,1
4500,20,5, 4,1
2100,20,3, 3,0
2500,20,3, 1,0
2100,20,2, 2,0
3000,20,4, 2,0
1650,20,2, 2,0
2782,20,4, 4,0
2250,20,2, 1,0
1982,20,2, 1,0
4500,20,4, 4,0
1900,20,2, 2,0
3400,20,4, 2,0
2950,20,3, 3,0
2250,20,2, 1,0
2250,20,2, 2,0
1165,20,1, 1,0
1500,20,1, 1,0
2350,20,2, 1,0
3200,20,2, 2,0
3875,20,4, 3,0
2150,20,2, 1,0
2400,20,3, 2,0
1870,20,2, 1,1
2300,20,2, 2,0
9800,20,3, 2,0
2140,20,2, 1,0
11000,20,6, 4,1
2000,20,2, 2,0
15000,20,2, 3,0
2600,20,2, 1,0
2500,20,2, 2,0
1875,20,1, 1,0
1640,20,1, 1,1
2100,20,2, 1,0
1900,20,1, 2,0
3500,20,3, 1,0
2300,20,2, 1,0
2500,20,2, 3,0
2000,20,1, 2,0
1650,20,1, 1,0
2600,20,3, 2,0
2389,20,2, 1,0
2300,20,1, 1,0
1940,20,2, 2,0
2650,20,3, 2,0
2650,20,2, 2,1
2000,20,2, 1,0
4495,20,4, 2,1
1800,20,2, 1,0
2600,20,1, 1,0
1900,20,2, 1,0
1750,20,1, 1,0
2000,20,1, 1,0
1848,20,3, 1,1
3000,20,2, 2,0
1650,20,2, 1,1
3400,20,2, 2,0
1522,20,2, 2,0
2500,20,2, 1,0
1650,20,3, 3,0
2600,20,3, 3,0
1550,20,1, 1,0
1920,20,1, 1,1
1536,20,1, 1,0
1100,20,1, 1,0
2200,20,2, 2,0
2300,20,2, 2,0
2500,20,2, 2,0
3000,20,4, 2,1
2250,20,2, 1,0
5800,20,4, 5,1
2024,20,3, 3,0
1545,20,1, 1,0
1450,20,1, 1,0
2150,20,2, 1,0
3000,20,3, 2,1
1900,20,3, 3,0
3500,20,3, 3,0
2300,20,3, 1,0
2300,20,2, 1,0
3500,20,4, 4,0
3600,20,4, 4,0
2950,20,3, 2,0
2400,20,3, 3,0
1900,20,2, 1,0
3500,20,2, 2,1
1800,20,1, 1,0
9950,20,4, 3,1
10000,20,3, 4,0
2000,20,2, 2,0
2000,20,2, 1,0
1800,20,2, 2,0
1750,20,2, 2,1
2300,20,2, 2,0
2000,20,2, 1,0
1800,20,2, 1,0
1700,20,2, 1,1
1800,20,2, 2,0
1850,20,2, 1,1
1700,20,1, 1,0
2190,20,3, 2,0
6000,20,5, 3,0
5700,20,5, 4,1
4800,20,3, 4,0
2400,20,3, 3,0
3600,20,2, 2,0
2800,20,1, 1,0
1950,20,2, 1,1
2250,20,3, 1,0
1650,20,1, 1,0
1640,20,2, 1,0
4706,20,4, 3,1
1950,20,2, 2,0
4700,20,2, 2,0
2300,20,2, 1,0
1600,20,1, 1,0
2250,20,2, 2,0
2250,20,2, 2,0
6200,20,5, 4,1
2300,20,2, 2,1
1450,20,1, 1,0
2450,20,3, 1,1
1950,20,2, 2,0
1400,20,1, 1,0
2200,20,3, 2,1
1800,20,3, 1,0
1875,20,2, 2,0
2200,20,2, 2,0
2250,20,2, 1,0
1900,20,2, 1,0
1600,20,2, 1,1
2795,20,2, 2,0
2288,20,2, 2,0
1850,20,2, 2,0
3000,20,1, 1,0
1950,20,2, 1,0
950,20,1, 1,0
2350,20,2, 1,0
2100,20,2, 1,0
2000,20,2, 2,0
2400,20,2, 2,0
3500,20,4, 3,1
4995,20,3, 3,0
1900,20,1, 1,0
1550,20,2, 2,1
1800,20,3, 2,1
1600,20,1, 1,0
9950,20,4, 3,1
1750,20,1, 1,0
2200,20,3, 1,0
1799,20,1, 1,0
2025,20,2, 2,0
6500,20,2, 2,0
1400,20,2, 1,0
7500,20,4, 4,1
5500,20,5, 3,1
1698,20,1, 1,0
2100,20,2, 2,0
7250,20,3, 2,1
1925,20,1, 1,0
1850,20,1, 1,0
5000,20,4, 3,1
3750,20,3, 3,0
2500,20,2, 1,0
1599,20,1, 1,0
1200,20,1, 1,1
2000,20,2, 1,1
2000,20,3, 1,1
2000,20,2, 1,1
2990,20,3, 2,0
1775,20,3, 2,0
2200,20,2, 2,0
3600,20,1, 1,0
1900,20,2, 1,1
4600,20,2, 2,0
2500,20,3, 2,1
2450,20,1, 1,0
2900,20,2, 2,0
3900,20,3, 2,0
4500,20,3, 3,1
2800,20,1, 1,0
1550,20,1, 1,0
1550,20,1, 1,0
2040,20,2, 2,0
1675,20,1, 1,0
1950,20,2, 2,0
15000,20,5, 5,1
2000,20,2, 1,0
3750,20,4, 2,1
1280,20,1, 1,0
1875,20,2, 2,0
1800,20,1, 1,0
2195,20,2, 1,0
2100,20,3, 1,0
4500,20,1, 1,0
2629,20,4, 2,0
2700,20,2, 2,0
1950,20,1, 1,0
2025,20,2, 2,0
3100,20,3, 2,0
720,20,3, 3,0
880,20,2, 2,0
720,20,2, 2,0
880,20,2, 2,0
2800,20,2, 1,0
720,20,2, 2,0
1450,20,1, 1,0
1530,20,1, 1,1
2320,20,2, 2,0
7000,20,4, 3,1
3400,20,3, 2,0
2300,20,1, 1,0
2300,20,2, 2,0
1367,20,1, 1,0
1350,20,1, 1,1
1600,20,1, 1,0
3900,20,4, 1,1
1650,20,2, 2,1
1900,20,1, 1,0
2150,20,2, 1,1
1800,20,1, 1,0
3250,20,2, 2,0
1900,20,2, 1,0
1000,20,1, 1,0
1650,20,1, 1,0
1930,20,3, 3,0
2100,20,2, 2,0
1950,20,2, 2,0
1650,20,1, 1,0
4200,20,3, 2,0
3400,20,1, 1,0
6200,20,4, 3,0
2000,20,3, 1,0
2107,20,2, 2,0
1650,20,2, 1,0
2000,20,1, 1,0
2500,20,2, 2,0
3200,20,3, 2,0
4100,20,3, 2,0
9500,20,1, 7,0
4900,20,4, 5,0
1575,20,2, 2,0
1950,20,2, 2,0
3600,20,2, 4,0
5000,20,1, 2,1
1600,20,1, 1,0
2800,20,2, 1,0
1900,20,2, 1,0
1800,20,2, 1,0
8000,20,3, 3,0
1850,20,2, 2,0
2200,20,3, 2,0
2400,20,2, 2,0
2000,20,2, 2,0
1850,20,2, 2,0
2600,20,3, 3,0
1450,20,1, 1,0
1400,20,1, 1,0
1900,20,1, 1,0
2250,20,2, 2,1
3045,20,3, 3,0
3000,20,1, 1,0
1690,20,2, 1,0
3400,20,3, 3,1
950,20,1, 1,0
2500,20,2, 1,0
8500,20,3, 3,0
3500,20,2, 2,0
1650,20,2, 1,0
2335,20,2, 2,0
2850,20,3, 2,0
3500,20,3, 2,1
2000,20,1, 1,0
2325,20,2, 2,0
3000,20,3, 2,0
3600,20,2, 2,0
3400,20,1, 1,0
4500,20,3, 3,1
7500,20,7, 6,0
9500,20,5, 4,1
2200,20,2, 1,1
3600,20,1, 2,0
3750,20,2, 1,0
4100,20,1, 1,0
4050,20,2, 2,0
3900,20,1, 1,0
3900,20,1, 1,0
1900,20,1, 1,0
2150,20,2, 2,0
2550,20,3, 3,0
2700,20,4, 2,1
3900,20,2, 2,0
3495,20,4, 1,1
1850,20,2, 1,0
6300,20,5, 4,1
3000,20,3, 3,0
2500,20,1, 1,0
3200,20,1, 1,0
3600,20,2, 2,0
3600,20,2, 2,0
3400,20,2, 2,0
1000,20,1, 1,0
2000,20,3, 1,1
1036,20,1, 1,0
2392,20,3, 2,0
3500,20,3, 2,0
1925,20,2, 2,0
3000,20,1, 1,0
3250,20,3, 2,0
2000,20,1, 1,0
2050,20,2, 2,0
2350,20,3, 3,0
2500,20,4, 3,0
2490,20,3, 2,0
1950,20,2, 2,0
1495,20,1, 1,0
2995,20,2, 2,0
1450,20,2, 1,0
4900,20,2, 2,0
2450,20,1, 1,0
2450,20,1, 1,0
1549,20,1, 1,0
2500,20,2, 2,0
7000,20,2, 3,0
2350,20,4, 1,0
5400,20,3, 3,0
4200,20,2, 2,0
4150,20,2, 2,0
3900,20,1, 1,0
3900,20,1, 1,0
4500,20,2, 1,0
2750,20,2, 3,1
1850,20,1, 1,0
1925,20,2, 2,0
1500,20,1, 1,0
4500,20,2, 2,0
1750,20,1, 1,0
2000,20,2, 2,0
2500,20,3, 2,0
3580,20,3, 2,0
2500,20,2, 2,0
2400,20,2, 2,0
1950,20,2, 2,0
2550,20,3, 3,0
4645,20,3, 2,0
3580,20,1, 1,0
3500,20,1, 1,0
2700,20,1, 1,0
3980,20,2, 2,0
3400,20,1, 1,0
3980,20,3, 2,0
3580,20,2, 1,0
3360,20,2, 2,0
10000,20,5, 3,1
4250,20,2, 2,0
4500,20,2, 2,0
4500,20,2, 2,0
4200,20,2, 2,0
960,20,1, 1,0
3640,20,2, 1,0
2387,20,1, 1,0
2050,20,1, 1,0
4000,20,2, 3,0
5000,20,2, 3,0
5500,20,3, 4,0
6000,20,3, 4,0
15000,20,4, 5,0
2660,20,3, 2,0
6500,20,1, 2,0
2042,20,2, 1,0
2000,20,2, 2,0
2225,20,2, 2,0
1655,20,2, 2,0
1040,20,1, 1,0
996,20,1, 1,0
1000,20,1, 1,0
920,20,1, 1,0
2200,20,2, 2,0
2200,20,2, 2,0
1750,20,1, 1,0
1040,20,6, 6,0
928,20,6, 6,0
1120,20,6, 6,0
912,20,6, 6,0
1080,20,6, 6,0
1008,20,6, 6,0
1016,20,6, 6,0
896,20,6, 6,0
912,20,6, 6,0
1000,20,6, 6,0
1020,20,6, 6,0
1032,20,6, 6,0
1060,20,6, 6,0
1080,20,6, 6,0
1100,20,6, 6,0
1120,20,6, 6,0
1088,20,6, 6,0
1088,20,6, 6,0
2700,20,2, 2,0
2150,20,1, 1,0
6000,20,3, 3,0
500,20,1, 1,0
2595,20,4, 3,0
2024,20,2, 2,0
2172,20,2, 2,0
1899,20,1, 1,0
2505,20,3, 2,0
1850,20,1, 1,0
2100,20,2, 2,0
2242,20,2, 2,0
1877,20,1, 1,0
2473,20,2, 2,0
3800,20,3, 2,0
2264,20,2, 2,0
1975,20,1, 1,1
2300,20,2, 2,1
2550,20,2, 2,1
3000,20,3, 2,1
2600,20,1, 1,0
1040,20,1, 1,0
980,20,1, 1,0
1000,20,1, 1,0
1040,20,1, 1,0
1080,20,1, 1,0
1000,20,1, 1,0
1040,20,1, 1,0
1080,20,1, 1,0
1120,20,1, 1,0
1080,20,2, 2,0
944,20,3, 1,0
928,20,3, 1,0
936,20,3, 1,0
880,20,1, 1,0
916,20,3, 1,0
1080,20,6, 6,0
1080,20,6, 6,0
1008,20,8, 8,0
1032,20,7, 7,0
1128,20,4, 4,0
860,20,4, 4,0
1750,20,1, 1,0
3600,20,2, 1,0
2300,20,1, 1,0
2100,20,1, 1,0
3650,20,2, 2,0
3750,20,2, 2,0
2300,20,1, 1,0
3245,20,2, 2,0
3575,20,2, 2,0
5030,20,3, 3,1
2545,20,1, 1,1
3245,20,2, 2,1
4230,20,3, 2,0
15000,20,2, 3,0
4200,20,2, 2,0
4300,20,2, 2,0
3300,20,2, 2,0
3150,20,2, 2,1
6000,20,3, 3,0
3572,20,2, 2,0
4000,20,2, 2,0
4200,20,3, 2,0
2392,20,2, 2,0
3600,20,2, 2,0
6000,20,2, 3,1
2300,20,1, 1,0
3360,20,1, 1,0
2800,20,1, 1,0
2940,20,2, 2,0
2940,20,2, 2,0
2800,20,1, 2,0
2800,20,1, 1,0
3360,20,1, 2,0
3360,20,1, 2,0
3360,20,1, 2,0
3360,20,2, 1,0
3360,20,1, 2,0
3360,20,1, 1,0
3920,20,2, 2,0
3920,20,2, 2,0
4200,20,2, 2,0
3920,20,2, 2,0
3920,20,2, 2,0
4620,20,3, 2,0
3304,20,1, 1,0
3528,20,2, 2,0
2000,21,3, 2,0
975,21,1, 1,0
1875,21,2, 1,0
1950,21,2, 1,0
1500,21,1, 1,0
2100,21,3, 1,1
1600,21,1, 1,0
2000,21,3, 1,1
1650,21,2, 2,1
2500,21,2, 1,0
1868,21,3, 1,0
1950,21,3, 1,1
1650,21,2, 1,1
1750,21,2, 2,1
1850,21,2, 1,1
1450,21,1, 1,0
1600,21,2, 1,1
1550,21,2, 2,1
1800,21,3, 2,1
2000,21,3, 2,0
975,21,1, 1,0
1875,21,2, 1,0
1950,21,2, 1,0
1500,21,1, 1,0
2100,21,3, 1,1
1600,21,1, 1,0
2000,21,3, 1,1
1650,21,2, 2,1
2500,21,2, 1,0
1868,21,3, 1,0
1950,21,3, 1,1
1650,21,2, 1,1
1750,21,2, 2,1
1850,21,2, 1,1
1450,21,1, 1,0
1600,21,2, 1,1
1550,21,2, 2,1
1800,21,3, 2,1
1400,21,2, 1,0
1200,21,1, 1,1
2000,21,3, 1,1
1875,21,2, 2,0
1450,21,1, 1,0
1650,21,2, 2,1
1690,21,2, 1,0
950,21,1, 1,0
2200,22,2, 1,0
1750,22,1, 1,0
2500,22,2, 2,0
2000,22,3, 2,0
2300,22,2, 1,0
2600,22,3, 4,0
2400,22,3, 1,0
2300,22,3, 2,0
1550,22,1, 1,0
1545,22,1, 1,0
1600,22,1, 1,0
2200,22,2, 2,0
1890,22,1, 1,0
2200,22,1, 1,0
2700,22,3, 2,1
1795,22,1, 1,0
1150,22,1, 1,0
1800,22,1, 1,0
2600,22,2, 2,0
2200,22,2, 1,0
1750,22,1, 1,0
2500,22,2, 2,0
2000,22,3, 2,0
2300,22,2, 1,0
2600,22,3, 4,0
2400,22,3, 1,0
2300,22,3, 2,0
1550,22,1, 1,0
1545,22,1, 1,0
1600,22,1, 1,0
2200,22,2, 2,0
1890,22,1, 1,0
2200,22,1, 1,0
2700,22,3, 2,1
1795,22,1, 1,0
1150,22,1, 1,0
1800,22,1, 1,0
2600,22,2, 2,0
1750,22,2, 1,0
1150,22,1, 1,0
1550,22,1, 1,0
1570,22,2, 1,0
2250,22,2, 2,0
1674,22,1, 1,0
1300,22,1, 1,0
2000,22,2, 2,0
1768,22,1, 1,0
1768,22,2, 1,1
1600,22,1, 1,0
2495,22,3, 2,0
2400,22,2, 2,0
1700,22,2, 2,0
2200,22,2, 1,0
1650,22,1, 1,1
1650,22,1, 1,1
1700,22,2, 2,0
1300,22,1, 1,0
1750,22,1, 1,0
2200,22,3, 2,0
1715,22,2, 1,0
2300,22,3, 2,0
1950,22,3, 3,0
1975,22,2, 3,0
1550,22,1, 1,0
1700,22,2, 2,0
1721,22,2, 1,0
1828,22,2, 1,0
1750,22,2, 2,0
1925,22,3, 3,0
1495,22,2, 1,0
2350,22,3, 2,0
1475,22,2, 2,0
1600,22,2, 2,0
3000,22,3, 3,0
2940,22,4, 2,1
2850,22,3, 2,0
2750,22,3, 1,0
3750,22,3, 2,0
2000,22,2, 1,0
2300,22,2, 1,0
2500,22,2, 2,0
1300,22,1, 1,0
2400,22,3, 2,0
1697,22,2, 1,0
2950,22,3, 2,1
1686,22,2, 2,0
4250,22,4, 1,0
1280,22,2, 1,0
2500,22,2, 2,0
1800,22,2, 2,0
1600,22,3, 1,0
4000,22,2, 2,0
1400,22,1, 1,0
600,22,1, 1,0
2200,22,3, 2,0
3750,22,4, 3,0
2300,22,3, 2,0
1000,22,1, 1,0
1000,22,1, 1,1
1850,22,1, 1,0
3250,22,3, 1,0
1800,22,2, 1,0
1450,22,2, 1,0
2000,22,2, 2,0
1800,22,2, 1,0
1700,22,1, 1,0
2600,22,2, 1,0
1900,22,1, 1,0
3800,22,5, 4,1
1260,22,2, 1,0
1300,22,1, 1,0
1600,22,1, 1,0
1600,22,1, 1,0
3500,22,3, 2,1
1925,22,2, 1,0
1460,22,1, 1,0
2000,22,2, 1,0
1687,22,3, 1,1
1569,22,1, 1,0
2000,22,3, 2,0
2400,22,4, 2,0
2200,22,2, 2,0
2100,22,2, 1,0
2549,22,2, 2,0
1490,22,1, 1,0
1850,22,1, 1,0
2450,22,2, 1,0
2400,22,2, 1,0
1950,22,2, 1,0
2200,22,2, 1,0
1550,22,2, 1,1
2900,22,2, 3,0
1800,22,1, 1,0
2200,22,2, 1,0
1730,22,2, 1,0
2100,22,3, 3,0
8000,22,4, 3,1
1987,22,1, 1,1
2400,22,2, 2,0
3495,22,4, 2,0
2000,22,2, 2,0
1800,22,2, 2,1
2850,22,3, 2,1
3300,22,3, 2,0
2999,22,2, 2,0
3300,22,3, 1,0
1999,22,2, 2,0
3822,22,4, 4,1
1737,22,2, 1,0
4000,22,4, 3,1
2200,22,2, 1,0
1300,22,1, 1,0
1567,22,1, 1,0
1872,22,2, 1,0
1510,22,1, 1,0
1900,22,2, 2,0
1800,22,2, 2,0
1700,22,2, 1,0
1695,22,1, 1,0
1685,22,2, 1,0
1600,22,2, 2,0
1357,22,1, 1,0
1900,22,2, 1,0
2200,22,2, 2,0
2450,22,3, 2,0
2500,22,3, 3,0
1750,22,1, 1,1
1200,22,1, 1,0
1900,22,1, 1,0
1950,22,2, 1,0
1600,22,2, 1,0
2200,22,2, 2,0
1961,22,1, 1,0
2000,22,2, 2,0
2819,22,3, 2,0
1747,22,2, 1,0
1100,22,1, 1,0
1401,22,1, 1,0
2400,22,2, 2,0
2300,22,2, 1,0
2400,22,2, 2,0
3300,22,3, 2,0
1883,22,2, 1,0
1878,22,2, 1,0
2200,22,1, 1,0
2280,22,3, 2,0
1700,22,2, 1,0
2300,22,3, 3,0
3640,22,3, 3,0
1850,22,2, 2,1
1400,22,1, 1,0
4500,22,4, 2,0
2350,22,2, 2,0
1800,22,2, 2,0
1701,22,1, 1,0
1766,22,1, 1,0
3000,22,2, 3,0
1600,22,2, 1,0
1800,22,2, 1,1
1800,22,2, 2,0
1950,22,1, 1,0
2065,22,3, 3,0
2204,22,3, 1,1
1600,22,1, 1,0
1650,22,1, 1,0
2695,22,4, 2,1
1750,22,1, 1,0
1744,22,2, 1,0
1550,22,1, 1,0
2400,22,2, 1,0
2180,22,3, 3,0
3000,22,2, 2,0
1850,22,2, 2,0
1700,22,1, 1,0
1950,22,2, 1,0
1850,22,2, 1,0
1700,22,2, 1,0
2000,22,2, 2,1
2950,22,4, 2,0
1950,22,2, 2,0
3600,22,3, 2,1
1425,22,1, 1,0
970,22,1, 1,0
1700,22,2, 2,0
2000,22,3, 1,1
2300,22,2, 1,0
1875,22,2, 1,0
975,22,1, 1,0
1995,22,2, 1,0
1850,22,2, 2,1
2320,22,4, 3,1
2100,22,2, 1,0
2400,22,4, 3,0
1627,22,2, 2,0
1500,22,1, 1,0
2000,22,2, 1,1
1975,22,2, 1,0
1900,22,1, 1,0
1800,22,1, 1,0
1875,22,2, 1,0
2200,22,3, 2,0
2500,22,4, 2,0
1961,22,2, 1,1
1850,22,2, 1,0
1650,22,1, 1,0
2100,22,2, 1,0
2550,22,2, 2,0
1330,22,1, 1,0
1950,22,2, 1,0
1674,22,2, 1,0
2075,22,2, 2,0
2000,22,1, 1,0
1950,22,1, 1,0
2150,22,2, 2,0
1813,22,2, 2,0
1575,22,2, 1,0
1999,22,2, 2,0
3400,22,3, 2,0
1578,22,1, 2,0
1400,22,1, 1,0
1632,22,1, 1,1
1900,22,3, 3,0
2350,22,2, 3,0
2000,22,2, 1,0
1145,22,1, 1,0
2200,22,2, 1,0
1500,22,1, 1,0
1770,22,1, 1,0
1990,22,2, 2,0
2500,22,2, 2,0
2900,22,3, 2,0
2100,22,2, 2,0
1900,22,3, 3,0
3000,22,4, 4,0
2100,22,3, 2,1
1425,22,1, 1,0
1750,22,1, 1,0
1777,22,2, 1,0
1579,22,2, 1,0
1200,22,1, 1,0
1768,22,1, 1,0
1782,22,1, 1,0
1940,22,2, 2,0
1845,22,1, 1,0
2600,22,4, 1,0
1960,22,2, 2,0
1800,22,1, 1,0
1685,22,1, 1,0
2100,22,2, 1,1
1850,22,1, 1,0
1800,22,2, 2,0
2900,22,3, 2,1
1700,22,2, 2,0
1800,22,2, 2,0
1669,22,2, 2,0
2100,22,3, 1,1
3000,22,3, 2,1
1880,22,1, 1,0
2950,22,3, 1,1
2065,22,2, 1,0
2000,22,2, 2,0
1900,22,2, 2,1
4400,22,3, 3,0
1900,22,2, 1,0
4500,22,3, 2,0
1500,22,1, 1,0
1950,22,2, 1,0
2200,22,2, 2,0
2070,22,2, 2,0
2300,22,1, 1,1
2000,22,3, 1,1
2000,22,2, 1,0
1800,22,2, 2,0
1443,22,1, 1,0
2452,22,2, 2,0
1600,22,1, 1,0
1400,22,1, 1,0
1600,22,1, 1,0
3083,22,3, 2,1
2052,22,3, 2,0
2700,22,2, 2,0
1700,22,1, 2,0
2040,22,1, 1,0
1460,22,1, 1,0
2500,22,3, 2,1
1550,22,1, 1,0
3492,22,4, 1,0
2406,22,3, 1,0
2117,22,2, 1,0
5050,22,4, 2,1
2000,22,2, 1,0
1820,22,1, 1,0
1711,22,1, 1,0
1800,22,1, 1,0
3000,22,2, 3,0
2650,22,2, 3,0
1240,22,1, 1,0
2500,22,2, 2,1
1800,22,1, 1,0
2000,22,2, 2,0
1600,22,0, 1,0
2900,22,2, 2,0
2195,22,2, 1,0
2500,22,2, 1,0
1750,22,1, 1,0
1165,22,1, 1,0
950,22,1, 1,0
1450,22,1, 1,0
2250,22,2, 2,0
2690,22,2, 3,0
1580,22,1, 1,0
1750,22,2, 2,0
1600,22,1, 1,0
1750,22,1, 1,0
1845,22,1, 1,0
3580,22,2, 1,0
1800,22,1, 1,0
1935,22,2, 3,0
1752,22,1, 1,0
1500,22,1, 1,0
2450,22,3, 1,0
2500,22,2, 2,0
2700,22,2, 2,0
1500,22,2, 2,0
2100,22,3, 1,1
1600,22,1, 1,0
1685,22,2, 1,0
1726,22,3, 1,0
2150,22,2, 2,0
1673,22,2, 2,0
1600,22,1, 1,0
1595,22,2, 1,0
2999,22,2, 2,0
2150,22,3, 3,1
3850,22,2, 2,0
1667,22,2, 1,0
1785,22,2, 1,0
1775,22,2, 1,0
1400,22,1, 1,0
1710,22,2, 2,0
1304,22,1, 1,0
1599,22,2, 1,0
1800,22,2, 2,0
2044,22,2, 2,0
2100,22,3, 1,0
1883,22,1, 2,0
1892,22,3, 2,0
2347,22,3, 1,0
2216,22,4, 3,1
1500,22,1, 1,0
2750,22,3, 2,1
1600,22,2, 1,0
2000,22,2, 1,0
3037,22,4, 3,1
3200,22,2, 2,0
1250,22,1, 1,0
1614,22,2, 2,0
1900,22,2, 2,0
1600,22,1, 1,0
1612,22,1, 1,0
3500,22,2, 1,0
3500,22,2, 2,0
1900,22,2, 1,0
2650,22,2, 2,1
1400,22,1, 1,0
2300,22,2, 1,0
1850,22,1, 1,1
2500,22,4, 2,0
2000,22,3, 1,1
1695,22,1, 1,1
1500,22,1, 1,0
2000,22,2, 2,0
1800,22,2, 2,0
3350,22,3, 3,0
1395,22,1, 1,0
1900,22,1, 1,0
1800,22,1, 1,0
1500,22,1, 1,0
3450,22,3, 2,0
1800,22,2, 1,0
1700,22,1, 1,0
3700,22,4, 4,1
1400,22,1, 1,0
3700,22,2, 1,0
2000,22,1, 1,0
1900,22,2, 2,0
1997,22,2, 1,0
2700,22,2, 1,0
5000,22,2, 2,0
3771,22,4, 3,0
4000,22,3, 2,0
1730,22,2, 1,0
1450,22,1, 1,1
2000,22,2, 2,0
1239,22,2, 3,0
2232,22,2, 2,1
1890,22,2, 2,0
3500,22,4, 2,0
3000,22,2, 1,0
2000,22,2, 2,0
1875,22,3, 3,0
2400,22,2, 1,0
2100,22,2, 1,0
1200,22,1, 1,0
1200,22,1, 1,0
2150,22,2, 1,0
2000,22,2, 1,0
1200,22,1, 1,0
1600,22,1, 1,0
1700,22,1, 1,1
1750,22,2, 1,1
1500,22,1, 1,0
2000,22,3, 1,1
7000,22,3, 2,1
800,22,1, 1,0
2600,22,3, 2,1
2700,22,3, 1,0
7000,22,4, 2,1
2900,22,3, 1,1
2201,22,3, 3,0
4160,22,3, 2,1
1800,22,1, 1,0
1875,22,2, 2,0
2407,22,2, 1,0
2027,22,2, 2,0
1350,22,1, 1,0
2956,22,4, 2,0
1900,22,2, 2,0
2500,22,3, 2,1
3000,22,2, 2,0
6000,22,4, 3,1
2250,22,2, 2,0
1650,22,2, 2,1
1538,22,2, 2,0
1500,22,1, 1,0
1500,22,1, 1,0
2188,22,2, 2,0
2450,22,2, 1,1
3950,22,3, 3,1
1500,22,1, 1,0
1950,22,2, 1,0
2300,22,4, 2,0
2250,22,2, 1,0
1650,22,2, 1,0
3250,22,3, 2,1
2400,22,2, 2,0
1525,22,1, 1,0
1850,22,2, 2,0
1661,22,1, 1,0
2150,22,2, 2,1
1900,22,2, 3,0
2500,22,2, 1,0
3000,22,5, 3,0
5000,22,5, 3,1
2011,22,2, 1,0
3850,22,4, 2,0
2100,22,2, 2,0
2800,22,2, 2,1
3000,22,1, 1,1
2500,22,2, 1,0
1438,22,1, 1,0
2000,22,3, 1,0
2250,22,3, 3,0
3000,22,4, 3,1
1830,22,2, 1,0
2500,22,3, 1,0
2000,22,1, 1,0
1950,22,1, 1,0
2000,22,2, 2,0
1800,22,2, 1,0
2600,22,2, 2,0
1600,22,1, 1,1
1650,22,1, 1,0
3900,22,5, 3,1
4000,22,3, 2,0
2174,22,2, 2,0
1800,22,1, 1,0
1225,22,1, 1,0
3000,22,4, 3,0
1225,22,1, 1,0
2691,22,2, 2,0
2500,22,4, 3,1
2712,22,4, 2,1
1956,22,2, 1,0
1215,22,2, 1,0
1735,22,2, 1,0
1670,22,1, 1,0
1554,22,1, 1,0
1670,22,2, 1,0
1750,22,1, 1,0
2400,22,2, 2,0
1714,22,2, 1,0
2100,22,3, 1,0
2575,22,2, 1,0
1725,22,2, 1,0
2700,22,3, 2,0
1800,22,1, 1,0
2800,22,2, 1,0
3500,22,2, 2,0
2350,22,2, 2,0
2100,22,2, 1,0
3250,22,3, 3,0
1799,22,2, 2,0
1850,22,1, 1,0
2200,22,1, 1,0
2750,22,4, 2,1
1950,22,2, 2,0
1667,22,1, 1,0
1700,22,1, 1,0
2450,22,2, 2,0
1868,22,3, 1,0
2300,22,1, 1,0
1875,22,2, 1,1
2225,22,3, 3,0
2550,22,3, 1,0
1900,22,2, 1,0
4700,22,3, 3,1
4000,22,3, 3,1
1144,22,1, 1,0
2000,22,2, 2,0
1500,22,1, 1,0
2040,22,2, 1,0
3950,22,4, 3,1
2080,22,3, 1,0
1650,22,2, 2,0
2250,22,2, 1,0
1900,22,2, 2,0
2118,22,3, 2,0
2800,22,3, 2,0
6000,22,3, 4,0
1950,22,2, 2,0
3800,22,2, 2,0
3600,22,2, 2,0
2100,22,1, 1,1
2400,22,2, 2,0
3000,22,3, 3,0
1450,22,1, 1,1
1650,22,2, 1,0
3700,22,5, 4,1
2200,22,2, 1,1
1565,22,2, 1,0
1950,22,3, 1,1
1500,22,2, 1,0
2150,22,2, 1,0
2000,22,2, 1,0
2100,22,2, 1,0
3125,22,4, 3,1
2399,22,2, 2,1
1900,22,2, 2,0
1400,22,1, 1,0
1730,22,2, 1,0
2250,22,3, 2,0
4000,22,2, 3,0
1850,22,2, 1,0
7100,22,5, 5,1
7100,22,5, 5,1
2500,22,2, 1,0
2250,22,2, 2,0
1500,22,3, 1,0
3700,22,4, 2,1
4500,22,5, 4,1
2100,22,3, 3,0
2500,22,3, 1,0
2100,22,2, 2,0
3000,22,4, 2,0
1650,22,2, 2,0
2782,22,4, 4,0
2250,22,2, 1,0
1982,22,2, 1,0
4500,22,4, 4,0
1900,22,2, 2,0
3400,22,4, 2,0
2950,22,3, 3,0
2250,22,2, 1,0
2250,22,2, 2,0
1165,22,1, 1,0
1500,22,1, 1,0
2350,22,2, 1,0
3200,22,2, 2,0
3875,22,4, 3,0
2150,22,2, 1,0
2400,22,3, 2,0
1870,22,2, 1,1
2300,22,2, 2,0
9800,22,3, 2,0
2140,22,2, 1,0
11000,22,6, 4,1
2000,22,2, 2,0
15000,22,2, 3,0
2600,22,2, 1,0
2500,22,2, 2,0
1875,22,1, 1,0
1640,22,1, 1,1
2100,22,2, 1,0
1900,22,1, 2,0
3500,22,3, 1,0
2300,22,2, 1,0
2500,22,2, 3,0
2000,22,1, 2,0
1650,22,1, 1,0
2600,22,3, 2,0
2389,22,2, 1,0
2300,22,1, 1,0
1940,22,2, 2,0
2650,22,3, 2,0
2650,22,2, 2,1
2000,22,2, 1,0
4495,22,4, 2,1
1800,22,2, 1,0
2600,22,1, 1,0
1900,22,2, 1,0
1750,22,1, 1,0
2000,22,1, 1,0
1848,22,3, 1,1
3000,22,2, 2,0
1650,22,2, 1,1
3400,22,2, 2,0
1522,22,2, 2,0
2500,22,2, 1,0
1650,22,3, 3,0
2600,22,3, 3,0
1550,22,1, 1,0
1920,22,1, 1,1
1536,22,1, 1,0
1100,22,1, 1,0
2200,22,2, 2,0
2300,22,2, 2,0
2500,22,2, 2,0
3000,22,4, 2,1
2250,22,2, 1,0
5800,22,4, 5,1
2024,22,3, 3,0
1545,22,1, 1,0
1450,22,1, 1,0
2150,22,2, 1,0
3000,22,3, 2,1
1900,22,3, 3,0
3500,22,3, 3,0
2300,22,3, 1,0
2300,22,2, 1,0
3500,22,4, 4,0
3600,22,4, 4,0
2950,22,3, 2,0
2400,22,3, 3,0
1900,22,2, 1,0
3500,22,2, 2,1
1800,22,1, 1,0
9950,22,4, 3,1
10000,22,3, 4,0
2000,22,2, 2,0
2000,22,2, 1,0
1800,22,2, 2,0
1750,22,2, 2,1
2300,22,2, 2,0
2000,22,2, 1,0
1800,22,2, 1,0
1700,22,2, 1,1
1800,22,2, 2,0
1850,22,2, 1,1
1700,22,1, 1,0
2190,22,3, 2,0
6000,22,5, 3,0
5700,22,5, 4,1
4800,22,3, 4,0
2400,22,3, 3,0
3600,22,2, 2,0
2800,22,1, 1,0
1950,22,2, 1,1
2250,22,3, 1,0
1650,22,1, 1,0
1640,22,2, 1,0
4706,22,4, 3,1
1950,22,2, 2,0
4700,22,2, 2,0
2300,22,2, 1,0
1600,22,1, 1,0
2250,22,2, 2,0
2250,22,2, 2,0
6200,22,5, 4,1
2300,22,2, 2,1
1450,22,1, 1,0
2450,22,3, 1,1
1950,22,2, 2,0
1400,22,1, 1,0
2200,22,3, 2,1
1800,22,3, 1,0
1875,22,2, 2,0
2200,22,2, 2,0
2250,22,2, 1,0
1900,22,2, 1,0
1600,22,2, 1,1
2795,22,2, 2,0
2288,22,2, 2,0
1850,22,2, 2,0
3000,22,1, 1,0
1950,22,2, 1,0
950,22,1, 1,0
2350,22,2, 1,0
2100,22,2, 1,0
2000,22,2, 2,0
2400,22,2, 2,0
3500,22,4, 3,1
4995,22,3, 3,0
1900,22,1, 1,0
1550,22,2, 2,1
1800,22,3, 2,1
1600,22,1, 1,0
9950,22,4, 3,1
1750,22,1, 1,0
2200,22,3, 1,0
1799,22,1, 1,0
2025,22,2, 2,0
6500,22,2, 2,0
1400,22,2, 1,0
7500,22,4, 4,1
5500,22,5, 3,1
1698,22,1, 1,0
2100,22,2, 2,0
7250,22,3, 2,1
1925,22,1, 1,0
1850,22,1, 1,0
5000,22,4, 3,1
3750,22,3, 3,0
2500,22,2, 1,0
1599,22,1, 1,0
1200,22,1, 1,1
2000,22,2, 1,1
2000,22,3, 1,1
2000,22,2, 1,1
2990,22,3, 2,0
1775,22,3, 2,0
2200,22,2, 2,0
3600,22,1, 1,0
1900,22,2, 1,1
4600,22,2, 2,0
2500,22,3, 2,1
2450,22,1, 1,0
2900,22,2, 2,0
3900,22,3, 2,0
4500,22,3, 3,1
2800,22,1, 1,0
1550,22,1, 1,0
1550,22,1, 1,0
2040,22,2, 2,0
1675,22,1, 1,0
1950,22,2, 2,0
15000,22,5, 5,1
2000,22,2, 1,0
3750,22,4, 2,1
1280,22,1, 1,0
1875,22,2, 2,0
1800,22,1, 1,0
2195,22,2, 1,0
2100,22,3, 1,0
4500,22,1, 1,0
2629,22,4, 2,0
2700,22,2, 2,0
1950,22,1, 1,0
2025,22,2, 2,0
3100,22,3, 2,0
720,22,3, 3,0
880,22,2, 2,0
720,22,2, 2,0
880,22,2, 2,0
2800,22,2, 1,0
720,22,2, 2,0
1450,22,1, 1,0
1530,22,1, 1,1
2320,22,2, 2,0
7000,22,4, 3,1
3400,22,3, 2,0
2300,22,1, 1,0
2300,22,2, 2,0
1367,22,1, 1,0
1350,22,1, 1,1
1600,22,1, 1,0
3900,22,4, 1,1
1650,22,2, 2,1
1900,22,1, 1,0
2150,22,2, 1,1
1800,22,1, 1,0
3250,22,2, 2,0
1900,22,2, 1,0
1000,22,1, 1,0
1650,22,1, 1,0
1930,22,3, 3,0
2100,22,2, 2,0
1950,22,2, 2,0
1650,22,1, 1,0
4200,22,3, 2,0
3400,22,1, 1,0
6200,22,4, 3,0
2000,22,3, 1,0
2107,22,2, 2,0
1650,22,2, 1,0
2000,22,1, 1,0
2500,22,2, 2,0
3200,22,3, 2,0
4100,22,3, 2,0
9500,22,1, 7,0
4900,22,4, 5,0
1575,22,2, 2,0
1950,22,2, 2,0
3600,22,2, 4,0
5000,22,1, 2,1
1600,22,1, 1,0
2800,22,2, 1,0
1900,22,2, 1,0
1800,22,2, 1,0
8000,22,3, 3,0
1850,22,2, 2,0
2200,22,3, 2,0
2400,22,2, 2,0
2000,22,2, 2,0
1850,22,2, 2,0
2600,22,3, 3,0
1450,22,1, 1,0
1400,22,1, 1,0
1900,22,1, 1,0
2250,22,2, 2,1
3045,22,3, 3,0
3000,22,1, 1,0
1690,22,2, 1,0
3400,22,3, 3,1
950,22,1, 1,0
2500,22,2, 1,0
8500,22,3, 3,0
3500,22,2, 2,0
1650,22,2, 1,0
2335,22,2, 2,0
2850,22,3, 2,0
3500,22,3, 2,1
2000,22,1, 1,0
2325,22,2, 2,0
3000,22,3, 2,0
3600,22,2, 2,0
3400,22,1, 1,0
4500,22,3, 3,1
7500,22,7, 6,0
9500,22,5, 4,1
2200,22,2, 1,1
3600,22,1, 2,0
3750,22,2, 1,0
4100,22,1, 1,0
4050,22,2, 2,0
3900,22,1, 1,0
3900,22,1, 1,0
1900,22,1, 1,0
2150,22,2, 2,0
2550,22,3, 3,0
2700,22,4, 2,1
3900,22,2, 2,0
3495,22,4, 1,1
1850,22,2, 1,0
6300,22,5, 4,1
3000,22,3, 3,0
2500,22,1, 1,0
3200,22,1, 1,0
3600,22,2, 2,0
3600,22,2, 2,0
3400,22,2, 2,0
1000,22,1, 1,0
2000,22,3, 1,1
1036,22,1, 1,0
2392,22,3, 2,0
3500,22,3, 2,0
1925,22,2, 2,0
3000,22,1, 1,0
3250,22,3, 2,0
2000,22,1, 1,0
2050,22,2, 2,0
2350,22,3, 3,0
2500,22,4, 3,0
2490,22,3, 2,0
1950,22,2, 2,0
1495,22,1, 1,0
2995,22,2, 2,0
1450,22,2, 1,0
4900,22,2, 2,0
2450,22,1, 1,0
2450,22,1, 1,0
1549,22,1, 1,0
2500,22,2, 2,0
7000,22,2, 3,0
2350,22,4, 1,0
5400,22,3, 3,0
4200,22,2, 2,0
4150,22,2, 2,0
3900,22,1, 1,0
3900,22,1, 1,0
4500,22,2, 1,0
2750,22,2, 3,1
1850,22,1, 1,0
1925,22,2, 2,0
1500,22,1, 1,0
4500,22,2, 2,0
1750,22,1, 1,0
2000,22,2, 2,0
2500,22,3, 2,0
3580,22,3, 2,0
2500,22,2, 2,0
2400,22,2, 2,0
1950,22,2, 2,0
2550,22,3, 3,0
4645,22,3, 2,0
3580,22,1, 1,0
3500,22,1, 1,0
2700,22,1, 1,0
3980,22,2, 2,0
3400,22,1, 1,0
3980,22,3, 2,0
3580,22,2, 1,0
3360,22,2, 2,0
10000,22,5, 3,1
4250,22,2, 2,0
4500,22,2, 2,0
4500,22,2, 2,0
4200,22,2, 2,0
960,22,1, 1,0
3640,22,2, 1,0
2387,22,1, 1,0
2050,22,1, 1,0
4000,22,2, 3,0
5000,22,2, 3,0
5500,22,3, 4,0
6000,22,3, 4,0
15000,22,4, 5,0
2660,22,3, 2,0
6500,22,1, 2,0
2042,22,2, 1,0
2000,22,2, 2,0
2225,22,2, 2,0
1655,22,2, 2,0
1040,22,1, 1,0
996,22,1, 1,0
1000,22,1, 1,0
920,22,1, 1,0
2200,22,2, 2,0
2200,22,2, 2,0
1750,22,1, 1,0
1040,22,6, 6,0
928,22,6, 6,0
1120,22,6, 6,0
912,22,6, 6,0
1080,22,6, 6,0
1008,22,6, 6,0
1016,22,6, 6,0
896,22,6, 6,0
912,22,6, 6,0
1000,22,6, 6,0
1020,22,6, 6,0
1032,22,6, 6,0
1060,22,6, 6,0
1080,22,6, 6,0
1100,22,6, 6,0
1120,22,6, 6,0
1088,22,6, 6,0
1088,22,6, 6,0
2700,22,2, 2,0
2150,22,1, 1,0
6000,22,3, 3,0
500,22,1, 1,0
2595,22,4, 3,0
2024,22,2, 2,0
2172,22,2, 2,0
1899,22,1, 1,0
2505,22,3, 2,0
1850,22,1, 1,0
2100,22,2, 2,0
2242,22,2, 2,0
1877,22,1, 1,0
2473,22,2, 2,0
3800,22,3, 2,0
2264,22,2, 2,0
1975,22,1, 1,1
2300,22,2, 2,1
2550,22,2, 2,1
3000,22,3, 2,1
2600,22,1, 1,0
1040,22,1, 1,0
980,22,1, 1,0
1000,22,1, 1,0
1040,22,1, 1,0
1080,22,1, 1,0
1000,22,1, 1,0
1040,22,1, 1,0
1080,22,1, 1,0
1120,22,1, 1,0
1080,22,2, 2,0
944,22,3, 1,0
928,22,3, 1,0
936,22,3, 1,0
880,22,1, 1,0
916,22,3, 1,0
1080,22,6, 6,0
1080,22,6, 6,0
1008,22,8, 8,0
1032,22,7, 7,0
1128,22,4, 4,0
860,22,4, 4,0
1750,22,1, 1,0
3600,22,2, 1,0
2300,22,1, 1,0
2100,22,1, 1,0
3650,22,2, 2,0
3750,22,2, 2,0
2300,22,1, 1,0
3245,22,2, 2,0
3575,22,2, 2,0
5030,22,3, 3,1
2545,22,1, 1,1
3245,22,2, 2,1
4230,22,3, 2,0
15000,22,2, 3,0
4200,22,2, 2,0
4300,22,2, 2,0
3300,22,2, 2,0
3150,22,2, 2,1
6000,22,3, 3,0
3572,22,2, 2,0
4000,22,2, 2,0
4200,22,3, 2,0
2392,22,2, 2,0
3600,22,2, 2,0
6000,22,2, 3,1
2300,22,1, 1,0
3360,22,1, 1,0
2800,22,1, 1,0
2940,22,2, 2,0
2940,22,2, 2,0
2800,22,1, 2,0
2800,22,1, 1,0
3360,22,1, 2,0
3360,22,1, 2,0
3360,22,1, 2,0
3360,22,2, 1,0
3360,22,1, 2,0
3360,22,1, 1,0
3920,22,2, 2,0
3920,22,2, 2,0
4200,22,2, 2,0
3920,22,2, 2,0
3920,22,2, 2,0
4620,22,3, 2,0
3304,22,1, 1,0
3528,22,2, 2,0
1700,23,2, 2,0
1700,23,2, 2,0
1450,23,2, 1,0
1400,23,1, 1,0
1632,23,1, 1,1
2000,23,3, 1,1
1500,23,2, 2,0
1685,23,2, 1,0
1726,23,3, 1,0
1673,23,2, 2,0
2100,23,3, 1,0
1730,23,2, 1,0
1450,23,1, 1,1
1500,23,3, 1,0
2600,23,3, 3,0
1875,23,2, 2,0
1900,23,2, 1,1
1655,23,2, 2,0
1700,23,2, 2,0
1700,23,2, 2,0
1450,23,2, 1,0
1400,23,1, 1,0
1632,23,1, 1,1
2000,23,3, 1,1
1500,23,2, 2,0
1685,23,2, 1,0
1726,23,3, 1,0
1673,23,2, 2,0
2100,23,3, 1,0
1730,23,2, 1,0
1450,23,1, 1,1
1500,23,3, 1,0
2600,23,3, 3,0
1875,23,2, 2,0
1900,23,2, 1,1
1655,23,2, 2,0
